Total population,Male,Female,Sex ratio (males per 100 females),Under 5 years,5 to 9 years,10 to 14 years,15 to 19 years,20 to 24 years,25 to 34 years,35 to 44 years,45 to 54 years,55 to 59 years,60 to 64 years,65 to 74 years,75 to 84 years,85 years and over,Median age (years),Under 18 years,16 years and over,18 years and over,21 years and over,62 years and over,65 years and over,One race,Two or More Races,White,Black or African American,American Indian and Alaska Native,Aztec,Blackfeet Tribe of the Blackfeet Indian Reservation of Montana,Maya,Native Village of Barrow Inupiat Traditional Government,Navajo Nation,Nome Eskimo Community,Other American Indian and Alaska Native,Asian,Asian Indian,Chinese,Filipino,Japanese,Korean,Vietnamese,Other Asian,Native Hawaiian and Other Pacific Islander,Chamorro,Native Hawaiian,Samoan,Other Native Hawaiian and Other Pacific Islander,Some Other Race,White and Black or African American,White and American Indian and Alaska Native,White and Asian,White and Some Other Race,Black or African American and American Indian and Alaska Native,Black or African American and Some Other Race,Hispanic or Latino (of any race),Mexican,Puerto Rican,Cuban,Other Hispanic or Latino,Not Hispanic or Latino,White alone,Black or African American alone,American Indian and Alaska Native alone,Asian alone,Native Hawaiian and Other Pacific Islander alone,Some Other Race alone,Two races including Some Other Race,"Two races excluding Some Other Race, and three or more races",Total housing units,"Citizen, 18 and over population",GEO_ID,Zip Code,ucgid,County,County Code,State Number,State,Year
737,563,174,323.6,13,9,4,4,60,177,203,125,47,56,37,2,0,40.4,28,711,709,707,46,39,685,52,184,114,124,0,0,0,0,0,0,124,136,0,0,126,0,0,5,5,0,0,0,0,0,127,0,12,23,5,5,2,142,88,4,5,45,595,173,109,124,136,0,13,0,40,71,369,860Z200US99553,99553,860Z200US99553,Aleutians East Borough,0500000US02013,02,Alaska,2023
236,105,131,80.2,10,4,0,1,57,23,27,35,39,17,12,11,0,44.8,14,222,222,221,32,23,202,34,67,1,78,0,0,0,0,0,0,78,46,0,0,28,0,18,0,0,4,0,0,4,0,6,0,12,0,0,0,0,15,9,0,0,6,221,58,1,78,46,4,0,0,34,164,222,860Z200US99571,99571,860Z200US99571,Aleutians East Borough,0500000US02013,02,Alaska,2023
95,55,40,137.5,20,7,1,15,4,13,16,0,11,0,8,0,0,32.1,36,67,59,52,8,8,95,0,18,0,68,0,0,0,0,0,0,68,0,0,0,0,0,0,0,0,0,0,0,0,0,9,0,0,0,0,0,0,20,20,0,0,0,75,18,0,57,0,0,0,0,0,51,59,860Z200US99583,99583,860Z200US99583,Aleutians East Borough,0500000US02013,02,Alaska,2023
1204,705,499,141.3,36,44,79,79,141,132,171,224,84,62,84,35,33,39.1,208,1031,996,934,172,152,1051,153,141,5,562,0,0,0,0,0,2,560,288,0,0,268,0,20,0,0,0,0,0,0,0,55,2,107,0,6,0,0,129,107,13,0,9,1075,121,5,562,288,0,4,4,91,437,847,860Z200US99612,99612,860Z200US99612,Aleutians East Borough,0500000US02013,02,Alaska,2023
1151,688,463,148.6,27,22,45,42,92,171,109,248,128,96,109,62,0,46.9,124,1046,1027,1015,191,171,977,174,158,86,410,0,0,0,0,0,0,410,257,0,0,224,0,0,33,0,28,0,0,0,28,38,0,75,20,55,0,0,54,38,0,0,16,1097,158,86,410,257,28,2,44,112,431,778,860Z200US99661,99661,860Z200US99661,Aleutians East Borough,0500000US02013,02,Alaska,2023
141,89,52,171.2,3,0,1,3,15,6,2,48,14,28,17,0,4,53.6,4,137,137,134,40,21,134,7,80,24,9,0,0,0,0,0,0,9,16,0,0,16,0,0,0,0,0,0,0,0,0,5,0,7,0,0,0,0,5,5,0,0,0,136,80,24,9,16,0,0,0,7,277,132,860Z200US99546,99546,860Z200US99546,Aleutians West Census Area,0500000US02016,02,Alaska,2023
26,15,11,136.4,4,5,5,0,0,6,2,2,1,1,0,0,0,13.7,14,12,12,12,1,0,26,0,0,0,26,0,0,0,0,0,0,26,0,0,0,0,0,0,0,0,0,0,0,0,0,0,0,0,0,0,0,0,0,0,0,0,0,26,0,0,26,0,0,0,0,0,14,12,860Z200US99547,99547,860Z200US99547,Aleutians West Census Area,0500000US02016,02,Alaska,2023
59,30,29,103.4,6,0,5,6,0,13,14,1,0,4,10,0,0,34.5,15,48,44,42,12,10,55,4,0,0,55,0,0,0,0,0,0,55,0,0,0,0,0,0,0,0,0,0,0,0,0,0,0,4,0,0,0,0,1,1,0,0,0,58,0,0,55,0,0,0,0,3,29,44,860Z200US99591,99591,860Z200US99591,Aleutians West Census Area,0500000US02016,02,Alaska,2023
1,0,1,-666666666.0,0,0,0,0,0,0,0,0,0,1,0,0,0,-666666666.0,0,1,1,1,0,0,1,0,0,0,1,0,0,0,0,0,0,1,0,0,0,0,0,0,0,0,0,0,0,0,0,0,0,0,0,0,0,0,0,0,0,0,0,1,0,0,1,0,0,0,0,0,4,1,860Z200US99638,99638,860Z200US99638,Aleutians West Census Area,0500000US02016,02,Alaska,2023
362,285,77,370.1,18,12,16,48,20,59,26,79,19,19,41,5,0,39.3,86,277,276,265,60,46,339,23,66,0,270,0,0,0,0,0,0,270,3,0,0,3,0,0,0,0,0,0,0,0,0,0,0,23,0,0,0,0,35,35,0,0,0,327,66,0,235,3,0,0,0,23,98,276,860Z200US99660,99660,860Z200US99660,Aleutians West Census Area,0500000US02016,02,Alaska,2023
3690,2482,1208,205.5,81,178,126,316,277,660,684,652,386,122,182,24,2,38.1,523,3227,3167,2982,267,208,3167,523,860,231,112,29,0,0,2,0,0,81,1630,3,0,1398,12,18,118,81,92,0,4,88,0,242,2,47,86,176,7,20,541,426,2,78,35,3149,824,231,65,1628,92,0,21,288,838,2304,860Z200US99685,99685,860Z200US99685,Aleutians West Census Area,0500000US02016,02,Alaska,2023
740,553,187,295.7,7,20,12,9,34,189,117,219,73,22,38,0,0,43.0,41,701,699,661,53,38,705,35,154,10,2,0,0,0,0,0,0,2,467,0,0,441,0,8,11,7,6,0,1,5,0,66,0,5,2,1,0,16,108,83,0,0,25,632,145,10,2,459,6,0,0,10,129,385,860Z200US99692,99692,860Z200US99692,Aleutians West Census Area,0500000US02016,02,Alaska,2023
16563,8879,7684,115.6,1070,674,723,583,1097,3176,2631,1876,1061,871,1867,673,261,38.2,2732,14030,13831,13384,3272,2801,14809,1754,9085,1545,1497,0,0,0,11,0,14,1472,922,45,112,335,20,119,11,280,604,21,309,218,56,1156,208,453,197,484,36,42,1812,728,426,0,658,14751,8735,1430,1444,922,604,421,41,1154,8906,13167,860Z200US99501,99501,860Z200US99501,Anchorage Municipality,0500000US02020,02,Alaska,2023
26110,13237,12873,102.8,1417,2335,2173,1413,1308,4766,4536,2871,1606,1221,1399,940,125,34.4,6756,20066,19354,18556,3084,2464,22490,3620,15885,708,2704,0,0,0,98,0,0,2606,2281,0,134,987,305,618,14,223,46,0,21,25,0,866,159,1598,911,240,0,0,2163,1311,222,136,494,23947,15026,708,2458,2281,46,239,56,3133,9931,18926,860Z200US99502,99502,860Z200US99502,Anchorage Municipality,0500000US02020,02,Alaska,2023
12944,6353,6591,96.4,704,493,538,521,1171,2573,2111,1670,780,965,763,532,123,37.0,2004,11090,10940,10491,1850,1418,11300,1644,5934,1006,1896,0,0,0,0,98,0,1798,1915,35,109,1429,0,61,0,281,159,0,0,159,0,390,118,525,268,253,58,51,1086,559,83,60,384,11858,5527,1006,1875,1915,159,76,116,1184,7411,9973,860Z200US99503,99503,860Z200US99503,Anchorage Municipality,0500000US02020,02,Alaska,2023
41684,20734,20950,99.0,2773,3207,2518,2568,3021,6961,5493,4746,1851,2626,3565,1880,475,34.6,10137,32411,31547,29900,7671,5920,34285,7399,17420,4114,3954,0,0,2,66,0,56,3830,5565,20,177,2050,156,515,183,2464,2291,12,0,1507,772,941,613,2851,870,1239,447,61,3591,1077,529,193,1792,38093,16928,3944,3794,5543,2291,216,322,5055,17720,30093,860Z200US99504,99504,860Z200US99504,Anchorage Municipality,0500000US02020,02,Alaska,2023
5425,3348,2077,161.2,466,571,673,475,1261,904,884,139,7,12,17,16,0,21.4,1917,3608,3508,2836,33,33,4663,762,3573,653,59,0,0,0,0,0,0,59,203,0,46,108,6,0,0,43,21,0,0,21,0,154,245,78,143,240,13,15,1143,713,252,8,170,4282,2890,617,35,203,21,0,234,282,842,3414,860Z200US99505,99505,860Z200US99505,Anchorage Municipality,0500000US02020,02,Alaska,2023
7051,3835,3216,119.2,1057,542,244,263,2109,2025,432,121,152,39,40,27,0,23.2,1914,5179,5137,4576,93,67,5959,1092,4657,472,76,0,0,0,0,0,0,76,249,0,0,85,0,13,0,151,163,2,5,19,137,342,163,196,227,354,0,30,1247,860,178,5,204,5804,4177,462,76,249,163,13,21,643,2338,4994,860Z200US99506,99506,860Z200US99506,Anchorage Municipality,0500000US02020,02,Alaska,2023
36300,19070,17230,110.7,1872,2412,2237,2640,2324,6247,5111,4370,2373,2190,3194,969,361,35.6,8270,29206,28030,26779,5887,4524,32135,4165,20813,1496,2235,25,15,7,511,0,55,1622,5930,129,258,4013,82,546,11,891,965,0,152,779,34,696,815,1296,550,514,108,0,3256,1454,522,207,1073,33044,19406,1369,2174,5888,935,112,119,3041,14552,26318,860Z200US99507,99507,860Z200US99507,Anchorage Municipality,0500000US02020,02,Alaska,2023
36660,18160,18500,98.2,3367,2937,2593,2426,3159,5634,4486,4756,1892,1794,2308,976,332,32.3,10341,27214,26319,24839,4529,3616,31660,5000,15636,2361,3663,0,0,0,0,46,95,3522,4915,218,64,1850,72,190,105,2416,2917,0,188,2278,451,2168,670,1377,373,729,258,106,4659,1510,665,451,2033,32001,14049,2270,3623,4722,2879,520,160,3778,14219,24478,860Z200US99508,99508,860Z200US99508,Anchorage Municipality,0500000US02020,02,Alaska,2023
0,0,0,-666666666.0,0,0,0,0,0,0,0,0,0,0,0,0,0,-666666666.0,0,0,0,0,0,0,0,0,0,0,0,0,0,0,0,0,0,0,0,0,0,0,0,0,0,0,0,0,0,0,0,0,0,0,0,0,0,0,0,0,0,0,0,0,0,0,0,0,0,0,0,0,0,0,860Z200US99513,99513,860Z200US99513,Anchorage Municipality,0500000US02020,02,Alaska,2023
21879,10920,10959,99.6,1383,1582,1251,1396,1307,3094,2971,2571,1699,1430,2142,924,129,37.6,5135,17228,16744,16123,4152,3195,18559,3320,13460,184,983,77,0,0,13,0,0,893,2572,12,0,1636,27,96,46,755,897,0,82,815,0,463,185,882,688,419,214,14,1910,1079,249,177,405,19969,12879,174,893,2572,897,30,59,2465,8137,15850,860Z200US99515,99515,860Z200US99515,Anchorage Municipality,0500000US02020,02,Alaska,2023
21208,10501,10707,98.1,914,1685,1502,1765,1177,1463,3823,2829,1251,1548,2508,623,120,40.9,5304,16726,15904,14893,4163,3251,18952,2256,15716,557,1140,0,16,0,0,0,30,1094,944,15,164,321,20,194,22,208,0,0,0,0,0,595,123,768,364,791,0,15,1620,944,103,80,493,19588,15270,557,1092,915,0,139,303,1312,7544,15439,860Z200US99516,99516,860Z200US99516,Anchorage Municipality,0500000US02020,02,Alaska,2023
16567,8388,8179,102.6,893,1052,959,906,897,2694,2350,2149,997,1232,1614,515,309,38.5,3427,13367,13140,12416,3095,2438,14871,1696,10465,679,1336,0,0,0,8,0,7,1321,1575,28,127,1102,0,144,9,165,491,15,139,337,0,325,361,472,259,107,11,16,1137,441,358,95,243,15430,10134,659,1321,1531,400,125,49,1211,7718,12747,860Z200US99517,99517,860Z200US99517,Anchorage Municipality,0500000US02020,02,Alaska,2023
9837,5143,4694,109.6,551,801,392,559,522,2642,1359,940,548,448,637,306,132,32.1,2189,7913,7648,7468,1410,1075,8161,1676,6090,677,502,0,0,0,24,0,5,473,432,0,25,258,0,88,0,61,17,0,0,17,0,443,104,735,249,245,21,70,1139,569,127,83,360,8698,5502,677,502,395,17,183,99,1323,4568,7394,860Z200US99518,99518,860Z200US99518,Anchorage Municipality,0500000US02020,02,Alaska,2023
0,0,0,-666666666.0,0,0,0,0,0,0,0,0,0,0,0,0,0,-666666666.0,0,0,0,0,0,0,0,0,0,0,0,0,0,0,0,0,0,0,0,0,0,0,0,0,0,0,0,0,0,0,0,0,0,0,0,0,0,0,0,0,0,0,0,0,0,0,0,0,0,0,0,0,0,0,860Z200US99530,99530,860Z200US99530,Anchorage Municipality,0500000US02020,02,Alaska,2023
354,224,130,172.3,0,0,36,0,18,46,43,58,50,14,81,8,0,49.6,36,318,318,300,103,89,345,9,345,0,0,0,0,0,0,0,0,0,0,0,0,0,0,0,0,0,0,0,0,0,0,0,0,0,0,0,0,0,0,0,0,0,0,354,345,0,0,0,0,0,0,9,234,303,860Z200US99540,99540,860Z200US99540,Anchorage Municipality,0500000US02020,02,Alaska,2023
6739,3697,3042,121.5,237,146,533,391,407,694,751,764,651,702,996,394,73,48.2,1113,5778,5626,5390,2054,1463,6326,413,5791,8,359,0,0,0,0,0,0,359,13,0,0,2,0,0,0,11,85,0,85,0,0,70,11,159,17,91,0,0,481,61,69,0,351,6258,5499,8,338,13,85,0,91,224,3156,5617,860Z200US99567,99567,860Z200US99567,Anchorage Municipality,0500000US02020,02,Alaska,2023
27917,13989,13928,100.4,2031,1902,2018,1734,1319,5178,3967,3214,1582,1691,2349,883,49,34.4,7146,21399,20771,20102,4094,3281,25010,2907,21967,820,621,8,4,0,0,10,0,599,867,51,152,357,104,140,63,0,344,0,110,6,228,391,548,709,739,287,136,31,1662,907,296,31,428,26255,21208,768,610,813,344,181,79,2252,10854,20524,860Z200US99577,99577,860Z200US99577,Anchorage Municipality,0500000US02020,02,Alaska,2023
1857,1161,696,166.8,41,0,13,245,74,120,172,481,291,119,199,102,0,52.2,233,1750,1624,1529,374,301,1761,96,1748,0,13,0,0,0,0,0,0,13,0,0,0,0,0,0,0,0,0,0,0,0,0,0,0,96,0,0,0,0,54,19,35,0,0,1803,1694,0,13,0,0,0,0,96,1587,1499,860Z200US99587,99587,860Z200US99587,Anchorage Municipality,0500000US02020,02,Alaska,2023
12944,6353,6591,96.4,704,493,538,521,1171,2573,2111,1670,780,965,763,532,123,37.0,2004,11090,10940,10491,1850,1418,11300,1644,5934,1006,1896,0,0,0,0,98,0,1798,1915,35,109,1429,0,61,0,281,159,0,0,159,0,390,118,525,268,253,58,51,1086,559,83,60,384,11858,5527,1006,1875,1915,159,76,116,1184,7411,9973,860Z200US99503,99503,860Z200US99503,Bethel Census Area,0500000US02050,02,Alaska,2023
629,295,334,88.3,104,93,66,32,58,82,47,55,30,10,44,8,0,22.6,292,355,337,329,62,52,603,26,1,0,598,0,0,0,0,0,0,598,0,0,0,0,0,0,0,0,4,0,4,0,0,0,0,12,0,0,0,0,0,0,0,0,0,629,1,0,598,0,4,0,0,26,155,332,860Z200US99551,99551,860Z200US99551,Bethel Census Area,0500000US02050,02,Alaska,2023
273,150,123,122.0,21,28,39,36,8,33,36,21,7,13,28,0,3,25.6,107,179,166,149,38,31,273,0,10,0,263,0,0,0,0,0,0,263,0,0,0,0,0,0,0,0,0,0,0,0,0,0,0,0,0,0,0,0,0,0,0,0,0,273,10,0,263,0,0,0,0,0,67,166,860Z200US99552,99552,860Z200US99552,Bethel Census Area,0500000US02050,02,Alaska,2023
707,408,299,136.5,31,41,75,43,47,101,82,43,40,124,63,14,3,36.2,181,556,526,501,107,80,680,27,115,39,494,0,4,0,0,0,0,490,32,0,0,31,0,1,0,0,0,0,0,0,0,0,0,24,0,3,0,0,8,1,4,0,3,699,115,39,490,31,0,0,0,24,460,491,860Z200US99557,99557,860Z200US99557,Bethel Census Area,0500000US02050,02,Alaska,2023
7272,4041,3231,125.1,654,665,580,531,545,1203,906,682,545,373,439,68,81,30.0,2253,5200,5019,4754,798,588,6846,426,1065,165,5332,0,0,0,0,0,0,5332,205,19,0,17,0,169,0,0,30,0,0,30,0,49,10,280,0,45,7,0,229,141,0,0,88,7043,1065,164,5215,205,30,0,0,364,2754,4925,860Z200US99559,99559,860Z200US99559,Bethel Census Area,0500000US02050,02,Alaska,2023
530,292,238,122.7,64,90,40,40,17,91,52,21,15,31,57,12,0,27.0,221,316,309,296,87,69,508,22,0,2,506,0,0,0,0,0,0,506,0,0,0,0,0,0,0,0,0,0,0,0,0,0,0,0,0,0,13,0,0,0,0,0,0,530,0,2,506,0,0,0,0,22,114,309,860Z200US99561,99561,860Z200US99561,Bethel Census Area,0500000US02050,02,Alaska,2023
18,9,9,100.0,0,2,0,4,0,3,0,5,0,1,3,0,0,36.5,2,16,16,12,4,3,18,0,0,0,18,0,0,0,0,0,0,18,0,0,0,0,0,0,0,0,0,0,0,0,0,0,0,0,0,0,0,0,0,0,0,0,0,18,0,0,18,0,0,0,0,0,16,16,860Z200US99575,99575,860Z200US99575,Bethel Census Area,0500000US02050,02,Alaska,2023
332,179,153,117.0,18,44,42,34,24,36,24,65,8,14,16,7,0,25.3,130,218,202,190,32,23,319,13,0,0,319,0,0,0,0,0,0,319,0,0,0,0,0,0,0,0,0,0,0,0,0,0,0,13,0,0,0,0,0,0,0,0,0,332,0,0,319,0,0,0,0,13,86,202,860Z200US99578,99578,860Z200US99578,Bethel Census Area,0500000US02050,02,Alaska,2023
113,48,65,73.8,17,15,3,3,5,21,18,14,11,3,3,0,0,32.6,38,78,75,75,6,3,113,0,1,0,112,0,0,0,0,0,0,112,0,0,0,0,0,0,0,0,0,0,0,0,0,0,0,0,0,0,0,0,0,0,0,0,0,113,1,0,112,0,0,0,0,0,54,75,860Z200US99589,99589,860Z200US99589,Bethel Census Area,0500000US02050,02,Alaska,2023
232,127,105,121.0,36,35,24,23,17,30,23,14,11,14,3,2,0,19.6,102,135,130,107,12,5,213,19,26,1,186,0,0,0,0,0,0,186,0,0,0,0,0,0,0,0,0,0,0,0,0,0,0,19,0,0,0,0,0,0,0,0,0,232,26,1,186,0,0,0,0,19,85,130,860Z200US99607,99607,860Z200US99607,Bethel Census Area,0500000US02050,02,Alaska,2023
692,339,353,96.0,87,68,91,72,47,75,85,53,30,32,26,20,6,21.6,293,433,399,356,62,52,692,0,9,0,683,0,0,0,0,0,0,683,0,0,0,0,0,0,0,0,0,0,0,0,0,0,0,0,0,0,0,0,0,0,0,0,0,692,9,0,683,0,0,0,0,0,147,399,860Z200US99609,99609,860Z200US99609,Bethel Census Area,0500000US02050,02,Alaska,2023
488,252,236,106.8,50,53,58,48,27,79,38,52,23,27,19,6,8,25.9,189,319,299,276,39,33,488,0,3,0,485,0,0,0,0,0,0,485,0,0,0,0,0,0,0,0,0,0,0,0,0,0,0,0,0,0,0,0,0,0,0,0,0,488,3,0,485,0,0,0,0,0,129,299,860Z200US99614,99614,860Z200US99614,Bethel Census Area,0500000US02050,02,Alaska,2023
852,449,403,111.4,124,94,69,86,62,129,90,84,45,37,16,13,3,24.2,347,552,505,473,54,32,838,14,11,0,825,0,0,0,0,0,0,825,2,0,0,2,0,0,0,0,0,0,0,0,0,0,0,8,0,0,0,0,0,0,0,0,0,852,11,0,825,2,0,0,0,14,240,505,860Z200US99621,99621,860Z200US99621,Bethel Census Area,0500000US02050,02,Alaska,2023
461,209,252,82.9,60,46,41,33,52,58,38,37,31,30,14,14,7,24.9,168,311,293,268,53,35,460,1,6,0,454,0,0,0,0,0,0,454,0,0,0,0,0,0,0,0,0,0,0,0,0,0,0,1,0,0,0,0,0,0,0,0,0,461,6,0,454,0,0,0,0,1,117,293,860Z200US99622,99622,860Z200US99622,Bethel Census Area,0500000US02050,02,Alaska,2023
234,134,100,134.0,29,38,22,10,5,40,25,15,10,12,22,6,0,30.1,93,143,141,132,38,28,229,5,0,0,229,0,0,0,0,0,0,229,0,0,0,0,0,0,0,0,0,0,0,0,0,0,0,5,0,0,0,0,0,0,0,0,0,234,0,0,229,0,0,0,0,5,77,141,860Z200US99626,99626,860Z200US99626,Bethel Census Area,0500000US02050,02,Alaska,2023
290,150,140,107.1,15,21,28,13,6,32,23,23,48,35,28,18,0,50.1,73,221,217,211,60,46,286,4,5,0,281,0,0,0,0,0,0,281,0,0,0,0,0,0,0,0,0,0,0,0,0,0,0,4,0,0,0,0,0,0,0,0,0,290,5,0,281,0,0,0,0,4,142,217,860Z200US99630,99630,860Z200US99630,Bethel Census Area,0500000US02050,02,Alaska,2023
737,379,358,105.9,56,72,88,103,77,58,85,113,30,24,18,13,0,21.6,261,490,476,394,43,31,734,3,1,0,733,0,0,0,0,0,0,733,0,0,0,0,0,0,0,0,0,0,0,0,0,0,0,3,0,0,0,0,0,0,0,0,0,737,1,0,733,0,0,0,0,3,194,476,860Z200US99634,99634,860Z200US99634,Bethel Census Area,0500000US02050,02,Alaska,2023
999,515,484,106.4,157,125,56,123,40,117,108,123,24,29,57,34,6,24.6,407,628,592,535,120,97,999,0,11,2,986,0,0,0,0,0,0,986,0,0,0,0,0,0,0,0,0,0,0,0,0,0,0,0,0,0,0,0,0,0,0,0,0,999,11,2,986,0,0,0,0,0,219,592,860Z200US99637,99637,860Z200US99637,Bethel Census Area,0500000US02050,02,Alaska,2023
766,356,410,86.8,103,112,74,58,68,74,88,37,33,28,72,15,4,23.4,320,472,446,413,110,91,755,11,0,0,752,0,0,0,0,0,0,752,0,0,0,0,0,0,0,0,0,0,0,0,0,3,0,11,0,0,0,0,13,6,0,0,7,753,0,0,742,0,0,0,0,11,166,446,860Z200US99641,99641,860Z200US99641,Bethel Census Area,0500000US02050,02,Alaska,2023
25,13,12,108.3,0,0,3,0,9,0,7,3,0,0,3,0,0,38.2,3,22,22,20,3,3,25,0,0,0,25,0,0,0,0,0,0,25,0,0,0,0,0,0,0,0,0,0,0,0,0,0,0,0,0,0,0,0,0,0,0,0,0,25,0,0,25,0,0,0,0,0,23,22,860Z200US99651,99651,860Z200US99651,Bethel Census Area,0500000US02050,02,Alaska,2023
1302,659,643,102.5,185,120,144,116,82,158,147,90,89,44,81,46,0,25.4,539,835,763,713,149,127,1192,110,33,0,1152,0,0,0,0,0,0,1152,3,0,0,3,0,0,0,0,4,0,0,4,0,0,0,95,0,0,3,0,0,0,0,0,0,1302,33,0,1152,3,4,0,0,110,304,763,860Z200US99655,99655,860Z200US99655,Bethel Census Area,0500000US02050,02,Alaska,2023
9,4,5,80.0,0,0,0,0,0,2,0,0,0,2,5,0,0,67.3,0,9,9,9,7,5,9,0,0,0,9,0,0,0,0,0,0,9,0,0,0,0,0,0,0,0,0,0,0,0,0,0,0,0,0,0,0,0,0,0,0,0,0,9,0,0,9,0,0,0,0,0,30,9,860Z200US99656,99656,860Z200US99656,Bethel Census Area,0500000US02050,02,Alaska,2023
61,30,31,96.8,6,7,8,3,9,10,4,10,0,2,2,0,0,23.5,24,40,37,35,2,2,56,5,2,0,54,0,0,0,0,0,0,54,0,0,0,0,0,0,0,0,0,0,0,0,0,0,0,5,0,0,0,0,0,0,0,0,0,61,2,0,54,0,0,0,0,5,41,37,860Z200US99668,99668,860Z200US99668,Bethel Census Area,0500000US02050,02,Alaska,2023
324,310,14,2214.3,4,0,0,3,3,304,0,3,4,0,0,3,0,33.5,7,320,317,314,3,3,315,9,302,0,13,0,0,0,0,0,0,13,0,0,0,0,0,0,0,0,0,0,0,0,0,0,0,0,9,0,0,0,0,0,0,0,0,324,302,0,13,0,0,0,0,9,32,317,860Z200US99679,99679,860Z200US99679,Bethel Census Area,0500000US02050,02,Alaska,2023
616,241,375,64.3,71,60,45,68,34,209,36,31,24,14,15,9,0,27.8,214,424,402,367,31,24,612,4,2,0,610,0,0,0,0,0,0,610,0,0,0,0,0,0,0,0,0,0,0,0,0,0,0,0,0,0,4,0,0,0,0,0,0,616,2,0,610,0,0,0,0,4,112,402,860Z200US99680,99680,860Z200US99680,Bethel Census Area,0500000US02050,02,Alaska,2023
405,225,180,125.0,55,52,20,43,50,78,20,30,29,13,12,3,0,23.7,150,270,255,227,21,15,399,6,0,0,393,0,0,0,0,0,0,393,6,0,0,6,0,0,0,0,0,0,0,0,0,0,0,3,0,0,0,0,0,0,0,0,0,405,0,0,393,6,0,0,3,3,81,249,860Z200US99681,99681,860Z200US99681,Bethel Census Area,0500000US02050,02,Alaska,2023
67,37,30,123.3,0,6,3,11,8,6,7,15,7,0,4,0,0,25.9,16,58,51,42,4,4,51,16,0,0,51,0,0,0,0,0,0,51,0,0,0,0,0,0,0,0,0,0,0,0,0,0,0,16,0,0,0,0,0,0,0,0,0,67,0,0,51,0,0,0,0,16,17,51,860Z200US99690,99690,860Z200US99690,Bethel Census Area,0500000US02050,02,Alaska,2023
422,207,215,96.3,47,21,17,21,10,85,67,37,27,37,33,14,6,36.6,94,334,328,315,64,53,349,73,183,5,119,0,0,0,0,0,0,119,30,8,0,20,2,0,0,0,0,0,0,0,0,12,0,52,17,4,0,0,33,3,27,0,3,389,181,5,112,30,0,12,0,49,334,328,860Z200US99613,99613,860Z200US99613,Bristol Bay Borough,0500000US02060,02,Alaska,2023
458,317,141,224.8,19,21,19,14,23,119,23,58,27,85,24,21,5,40.7,71,395,387,385,68,50,396,62,235,0,112,0,0,0,0,0,0,112,31,0,0,31,0,0,0,0,3,0,3,0,0,15,1,37,2,18,0,0,40,22,10,0,8,418,235,0,110,31,3,3,0,36,391,345,860Z200US99633,99633,860Z200US99633,Bristol Bay Borough,0500000US02060,02,Alaska,2023
66,36,30,120.0,0,0,0,0,2,14,9,8,4,7,14,8,0,55.0,0,66,66,66,28,22,50,16,13,0,28,0,0,0,0,0,0,28,0,0,0,0,0,0,0,0,9,0,9,0,0,0,0,4,6,0,0,0,0,0,0,0,0,66,13,0,28,0,9,0,0,16,129,66,860Z200US99670,99670,860Z200US99670,Bristol Bay Borough,0500000US02060,02,Alaska,2023
2517,1283,1234,104.0,164,154,135,159,164,365,263,227,214,221,356,76,19,37.8,542,2014,1975,1868,615,451,2207,310,1812,3,119,0,0,0,0,0,0,119,252,0,0,217,7,0,28,0,8,0,4,4,0,13,4,111,155,40,0,0,59,41,5,0,13,2458,1789,3,119,245,8,8,16,270,1340,1903,860Z200US99574,99574,860Z200US99574,Chugach Census Area,0500000US02063,02,Alaska,2023
23,12,11,109.1,0,0,5,0,0,7,0,1,3,0,4,3,0,33.8,5,18,18,18,7,7,23,0,1,0,22,0,0,0,0,0,0,22,0,0,0,0,0,0,0,0,0,0,0,0,0,0,0,0,0,0,0,0,0,0,0,0,0,23,1,0,22,0,0,0,0,0,60,18,860Z200US99677,99677,860Z200US99677,Chugach Census Area,0500000US02063,02,Alaska,2023
3935,2202,1733,127.1,221,217,293,210,204,621,672,499,266,337,270,81,44,39.3,837,3148,3098,2961,586,395,3552,383,3015,93,158,0,0,0,0,0,0,158,11,0,0,0,0,0,0,11,17,0,0,17,0,258,0,185,23,89,4,0,270,270,0,0,0,3665,3015,93,158,11,17,46,44,281,1961,3067,860Z200US99686,99686,860Z200US99686,Chugach Census Area,0500000US02063,02,Alaska,2023
489,228,261,87.4,77,22,35,19,24,86,62,45,15,46,40,14,4,32.1,144,351,345,335,80,58,451,38,225,0,22,0,0,0,0,0,0,22,156,0,56,89,11,0,0,0,43,7,0,36,0,5,2,22,4,4,1,0,30,26,0,0,4,459,207,0,22,156,43,3,0,28,341,323,860Z200US99693,99693,860Z200US99693,Chugach Census Area,0500000US02063,02,Alaska,2023
129,77,52,148.1,21,12,4,4,8,6,11,8,29,12,12,2,0,43.6,40,89,89,88,19,14,104,25,60,0,43,0,0,0,0,0,0,43,1,0,0,0,0,0,0,1,0,0,0,0,0,0,0,25,0,0,0,0,0,0,0,0,0,129,60,0,43,1,0,0,0,25,235,89,860Z200US99566,99566,860Z200US99566,Copper River Census Area,0500000US02066,02,Alaska,2023
832,459,373,123.1,46,54,50,46,33,68,107,72,92,60,155,46,3,45.9,191,660,641,611,229,204,756,76,447,0,306,0,0,0,0,0,0,306,3,0,0,3,0,0,0,0,0,0,0,0,0,0,0,71,0,0,2,0,3,3,0,0,0,829,447,0,306,3,0,0,0,73,581,624,860Z200US99573,99573,860Z200US99573,Copper River Census Area,0500000US02066,02,Alaska,2023
430,222,208,106.7,23,25,19,11,4,37,29,36,29,43,102,65,7,60.2,78,360,352,348,204,174,394,36,218,0,173,0,0,0,0,0,0,173,3,3,0,0,0,0,0,0,0,0,0,0,0,0,0,33,0,3,0,0,0,0,0,0,0,430,218,0,173,3,0,0,3,33,587,352,860Z200US99586,99586,860Z200US99586,Copper River Census Area,0500000US02066,02,Alaska,2023
1138,526,612,85.9,83,89,123,66,26,100,130,203,54,106,103,41,14,39.9,345,822,793,776,228,158,1008,130,658,3,323,0,0,0,0,0,0,323,7,0,0,0,0,7,0,0,0,0,0,0,0,17,0,55,0,57,0,0,99,77,0,22,0,1039,653,3,323,7,0,0,0,53,1317,791,860Z200US99588,99588,860Z200US99588,Copper River Census Area,0500000US02066,02,Alaska,2023
4659,2709,1950,138.9,376,302,333,319,283,605,671,611,274,261,405,174,45,36.4,1228,3615,3431,3266,745,624,4299,360,4047,51,80,0,0,0,0,0,0,80,76,0,0,52,0,0,6,18,15,0,12,3,0,30,0,233,6,91,6,0,328,88,177,0,63,4331,3851,51,78,76,3,3,13,256,2442,3251,860Z200US99737,99737,860Z200US99737,Copper River Census Area,0500000US02066,02,Alaska,2023
1790,960,830,115.7,93,141,125,20,75,245,162,297,97,168,253,65,49,46.1,365,1428,1425,1406,461,367,1636,154,1121,0,456,0,0,0,0,0,0,456,59,0,0,39,0,0,0,20,0,0,0,0,0,0,0,109,26,18,0,0,73,18,0,0,55,1717,1066,0,456,59,0,0,0,136,984,1393,860Z200US99780,99780,860Z200US99780,Copper River Census Area,0500000US02066,02,Alaska,2023
35,35,0,-666666666.0,0,0,0,10,18,7,0,0,0,0,0,0,0,21.7,0,35,35,25,0,0,35,0,28,7,0,0,0,0,0,0,0,0,0,0,0,0,0,0,0,0,0,0,0,0,0,0,0,0,0,0,0,0,10,0,0,0,10,25,18,7,0,0,0,0,0,0,0,35,860Z200US99704,99704,860Z200US99704,Denali Borough,0500000US02068,02,Alaska,2023
121,73,48,152.1,4,2,3,4,0,18,15,4,9,2,25,30,5,64.5,10,112,111,108,61,60,104,17,87,1,13,0,0,0,0,0,0,13,0,0,0,0,0,0,0,0,0,0,0,0,0,3,0,15,0,0,0,2,5,5,0,0,0,116,87,1,13,0,0,0,0,15,233,111,860Z200US99729,99729,860Z200US99729,Denali Borough,0500000US02068,02,Alaska,2023
687,308,379,81.3,54,23,82,41,30,88,86,85,42,29,109,10,8,38.1,193,520,494,487,141,127,543,144,484,1,19,0,0,0,0,0,0,19,26,0,18,8,0,0,0,0,0,0,0,0,0,13,0,48,96,0,0,0,0,0,0,0,0,687,484,1,19,26,0,13,0,144,578,468,860Z200US99743,99743,860Z200US99743,Denali Borough,0500000US02068,02,Alaska,2023
125,58,67,86.6,2,13,13,7,6,7,23,13,8,11,21,1,0,43.2,35,95,90,89,28,22,115,10,112,0,3,0,0,0,0,0,0,3,0,0,0,0,0,0,0,0,0,0,0,0,0,0,0,6,0,4,0,0,4,0,0,0,4,121,112,0,3,0,0,0,0,6,121,90,860Z200US99744,99744,860Z200US99744,Denali Borough,0500000US02068,02,Alaska,2023
964,745,219,340.2,19,11,0,0,10,220,484,90,99,3,28,0,0,44.2,30,934,934,934,31,28,948,16,781,12,22,0,0,0,0,0,0,22,43,0,0,43,0,0,0,0,0,0,0,0,0,90,0,3,0,0,0,0,112,36,8,0,68,852,758,12,22,43,0,14,0,3,313,896,860Z200US99755,99755,860Z200US99755,Denali Borough,0500000US02068,02,Alaska,2023
800,373,427,87.4,55,60,49,36,63,80,89,108,38,31,133,53,5,40.8,186,620,614,599,213,191,714,86,510,0,204,0,0,0,0,0,0,204,0,0,0,0,0,0,0,0,0,0,0,0,0,0,0,86,0,0,0,0,24,4,20,0,0,776,509,0,181,0,0,0,0,86,595,614,860Z200US99760,99760,860Z200US99760,Denali Borough,0500000US02068,02,Alaska,2023
109,51,58,87.9,2,4,7,3,7,17,9,4,19,12,21,2,2,55.4,16,96,93,92,37,25,93,16,3,0,90,0,0,0,1,0,0,89,0,0,0,0,0,0,0,0,0,0,0,0,0,0,0,16,0,0,0,0,0,0,0,0,0,109,3,0,90,0,0,0,0,16,124,93,860Z200US99555,99555,860Z200US99555,Dillingham Census Area,0500000US02070,02,Alaska,2023
20,8,12,66.7,0,5,0,0,0,1,0,4,1,2,5,0,2,56.5,5,15,15,15,9,7,18,2,2,0,16,0,0,0,0,0,0,16,0,0,0,0,0,0,0,0,0,0,0,0,0,0,0,2,0,0,0,0,0,0,0,0,0,20,2,0,16,0,0,0,0,2,106,15,860Z200US99569,99569,860Z200US99569,Dillingham Census Area,0500000US02070,02,Alaska,2023
2464,1214,1250,97.1,211,227,220,180,158,384,299,182,140,240,171,35,17,30.7,771,1764,1693,1612,398,223,2138,326,568,3,1495,0,0,0,4,0,14,1477,70,33,0,29,7,1,0,0,0,0,0,0,0,2,0,235,11,15,15,5,134,105,15,0,14,2330,519,3,1449,70,0,2,0,287,1376,1643,860Z200US99576,99576,860Z200US99576,Dillingham Census Area,0500000US02070,02,Alaska,2023
35,14,21,66.7,2,0,4,2,2,7,0,3,6,1,3,5,0,52.5,8,27,27,27,8,8,31,4,1,0,30,0,0,0,0,0,0,30,0,0,0,0,0,0,0,0,0,0,0,0,0,0,0,4,0,0,0,0,0,0,0,0,0,35,1,0,30,0,0,0,0,4,32,27,860Z200US99580,99580,860Z200US99580,Dillingham Census Area,0500000US02070,02,Alaska,2023
693,341,352,96.9,61,78,50,61,55,109,68,55,45,22,71,18,0,28.1,229,487,464,438,96,89,639,54,59,0,580,0,0,0,0,0,0,580,0,0,0,0,0,0,0,0,0,0,0,0,0,0,0,34,0,20,0,0,20,0,0,0,20,673,59,0,580,0,0,0,0,34,252,458,860Z200US99628,99628,860Z200US99628,Dillingham Census Area,0500000US02070,02,Alaska,2023
466,280,186,150.5,42,36,49,40,26,78,35,90,17,6,32,12,3,30.0,150,332,316,293,51,47,405,61,7,1,397,0,0,0,0,0,0,397,0,0,0,0,0,0,0,0,0,0,0,0,0,0,0,61,0,0,0,0,10,10,0,0,0,456,7,1,387,0,0,0,0,61,108,316,860Z200US99636,99636,860Z200US99636,Dillingham Census Area,0500000US02070,02,Alaska,2023
993,559,434,128.8,96,83,75,54,77,141,77,109,66,20,145,38,12,33.3,296,721,697,669,207,195,960,33,93,26,830,0,0,0,0,0,0,830,11,0,0,5,0,6,0,0,0,0,0,0,0,0,0,33,0,0,0,0,0,0,0,0,0,993,93,26,830,11,0,0,0,33,352,695,860Z200US99678,99678,860Z200US99678,Dillingham Census Area,0500000US02070,02,Alaska,2023
17564,9262,8302,111.6,927,1431,1239,768,1406,3310,2198,1975,1036,766,1657,640,211,34.3,4055,13823,13509,13120,2938,2508,15049,2515,10610,919,2138,0,0,0,6,10,7,2115,971,11,151,314,23,390,0,82,160,0,19,141,0,251,195,1114,85,537,46,0,1210,641,262,1,306,16354,10351,885,2138,971,160,62,185,1602,8757,13038,860Z200US99701,99701,860Z200US99701,Fairbanks North Star Borough,0500000US02090,02,Alaska,2023
3200,1843,1357,135.8,412,666,178,69,558,876,392,25,5,0,0,8,11,22.1,1272,1936,1928,1737,19,19,2502,698,2242,176,9,0,0,0,0,0,0,9,31,0,6,6,0,16,0,3,0,0,0,0,0,44,293,16,77,159,13,0,455,358,79,0,18,2745,2119,176,0,31,0,6,4,409,910,1910,860Z200US99702,99702,860Z200US99702,Fairbanks North Star Borough,0500000US02090,02,Alaska,2023
8545,5123,3422,149.7,1293,621,356,510,2497,2416,611,182,59,0,0,0,0,22.7,2477,6246,6068,5297,0,0,7293,1252,5620,873,119,0,0,0,0,0,0,119,262,0,0,123,15,93,0,31,0,0,0,0,0,419,244,70,101,514,0,0,1163,750,282,44,87,7382,5137,854,51,262,0,261,86,731,2003,5960,860Z200US99703,99703,860Z200US99703,Fairbanks North Star Borough,0500000US02090,02,Alaska,2023
22281,12469,9812,127.1,1527,1440,1820,1399,1611,3872,3527,2009,1711,978,1416,816,155,32.9,5647,17131,16634,15698,2956,2387,19619,2662,17523,363,979,0,0,0,0,6,0,973,326,0,0,154,33,51,0,88,107,0,107,0,0,321,422,1135,376,379,20,14,1611,1025,233,25,328,20670,16754,322,905,315,107,60,86,2121,9091,16253,860Z200US99705,99705,860Z200US99705,Fairbanks North Star Borough,0500000US02090,02,Alaska,2023
0,0,0,-666666666.0,0,0,0,0,0,0,0,0,0,0,0,0,0,-666666666.0,0,0,0,0,0,0,0,0,0,0,0,0,0,0,0,0,0,0,0,0,0,0,0,0,0,0,0,0,0,0,0,0,0,0,0,0,0,0,0,0,0,0,0,0,0,0,0,0,0,0,0,0,0,0,860Z200US99707,99707,860Z200US99707,Fairbanks North Star Borough,0500000US02090,02,Alaska,2023
29734,15656,14078,111.2,1996,1755,1603,1567,2222,4902,3977,3455,1149,1975,3678,1248,207,36.9,6484,23914,23250,22395,6243,5133,25083,4651,20165,1256,1992,0,0,0,55,0,3,1934,773,16,83,271,47,304,0,52,256,0,0,11,245,641,569,1003,1026,1380,46,110,2595,1516,218,0,861,27139,19425,1167,1872,773,256,78,632,2936,14227,22208,860Z200US99709,99709,860Z200US99709,Fairbanks North Star Borough,0500000US02090,02,Alaska,2023
12070,6364,5706,111.5,517,791,818,1008,603,1336,1777,1863,862,1084,1061,299,51,39.7,2690,9706,9380,8868,2143,1411,11069,1001,9346,81,1132,0,0,0,0,0,0,1132,288,1,30,33,86,5,0,133,55,0,55,0,0,167,133,470,116,95,0,0,592,346,54,0,192,11478,8987,81,1132,288,55,119,56,760,6037,9292,860Z200US99712,99712,860Z200US99712,Fairbanks North Star Borough,0500000US02090,02,Alaska,2023
1282,761,521,146.1,62,31,71,45,28,261,168,181,129,187,104,13,2,42.3,209,1110,1073,1073,248,119,1130,152,1062,16,45,0,0,0,0,0,0,45,0,0,0,0,0,0,0,0,0,0,0,0,0,7,16,26,0,95,0,0,122,0,32,0,90,1160,1018,16,45,0,0,0,24,57,1168,1066,860Z200US99714,99714,860Z200US99714,Fairbanks North Star Borough,0500000US02090,02,Alaska,2023
494,298,196,152.0,0,0,0,81,0,0,65,152,61,27,108,0,0,50.3,0,494,494,413,135,108,494,0,494,0,0,0,0,0,0,0,0,0,0,0,0,0,0,0,0,0,0,0,0,0,0,0,0,0,0,0,0,0,27,0,0,0,27,467,467,0,0,0,0,0,0,0,270,494,860Z200US99725,99725,860Z200US99725,Fairbanks North Star Borough,0500000US02090,02,Alaska,2023
800,373,427,87.4,55,60,49,36,63,80,89,108,38,31,133,53,5,40.8,186,620,614,599,213,191,714,86,510,0,204,0,0,0,0,0,0,204,0,0,0,0,0,0,0,0,0,0,0,0,0,0,0,86,0,0,0,0,24,4,20,0,0,776,509,0,181,0,0,0,0,86,595,614,860Z200US99760,99760,860Z200US99760,Fairbanks North Star Borough,0500000US02090,02,Alaska,2023
707,365,342,106.7,44,0,0,205,210,164,84,0,0,0,0,0,0,21.5,44,663,663,372,0,0,651,56,331,45,28,0,0,0,0,0,0,28,184,17,140,18,9,0,0,0,0,0,0,0,0,63,0,30,0,25,1,0,50,37,0,0,13,657,306,45,28,184,0,63,0,31,195,490,860Z200US99775,99775,860Z200US99775,Fairbanks North Star Borough,0500000US02090,02,Alaska,2023
2166,1099,1067,103.0,62,136,171,117,30,116,211,367,156,217,370,187,26,51.8,476,1758,1690,1680,690,583,1925,241,1658,5,159,0,0,16,0,0,0,143,78,0,0,45,0,0,0,33,0,0,0,0,0,25,13,64,91,13,0,0,83,48,0,16,19,2083,1620,5,143,78,0,16,5,216,1470,1625,860Z200US99827,99827,860Z200US99827,Haines Borough,0500000US02100,02,Alaska,2023
0,0,0,-666666666.0,0,0,0,0,0,0,0,0,0,0,0,0,0,-666666666.0,0,0,0,0,0,0,0,0,0,0,0,0,0,0,0,0,0,0,0,0,0,0,0,0,0,0,0,0,0,0,0,0,0,0,0,0,0,0,0,0,0,0,0,0,0,0,0,0,0,0,0,0,0,0,860Z200US99850,99850,860Z200US99850,Haines Borough,0500000US02100,02,Alaska,2023
467,263,204,128.9,39,28,33,16,54,28,57,42,16,44,67,25,18,43.3,113,361,354,349,133,110,320,147,55,2,263,0,0,0,0,0,0,263,0,0,0,0,0,0,0,0,0,0,0,0,0,0,0,41,0,23,0,0,90,75,0,10,5,377,55,2,246,0,0,0,0,74,291,354,860Z200US99820,99820,860Z200US99820,Hoonah-Angoon Census Area,0500000US02105,02,Alaska,2023
13,6,7,85.7,0,0,0,0,0,0,0,0,0,0,13,0,0,-666666666.0,0,13,13,13,13,13,13,0,13,0,0,0,0,0,0,0,0,0,0,0,0,0,0,0,0,0,0,0,0,0,0,0,0,0,0,0,0,0,0,0,0,0,0,13,13,0,0,0,0,0,0,0,54,13,860Z200US99825,99825,860Z200US99825,Hoonah-Angoon Census Area,0500000US02105,02,Alaska,2023
610,319,291,109.6,3,8,44,60,39,37,31,107,64,51,84,76,6,51.5,90,544,520,482,200,166,574,36,545,0,29,0,0,0,0,0,0,29,0,0,0,0,0,0,0,0,0,0,0,0,0,0,0,22,0,14,0,0,11,0,0,11,0,599,545,0,29,0,0,0,3,22,457,515,860Z200US99826,99826,860Z200US99826,Hoonah-Angoon Census Area,0500000US02105,02,Alaska,2023
2166,1099,1067,103.0,62,136,171,117,30,116,211,367,156,217,370,187,26,51.8,476,1758,1690,1680,690,583,1925,241,1658,5,159,0,0,16,0,0,0,143,78,0,0,45,0,0,0,33,0,0,0,0,0,25,13,64,91,13,0,0,83,48,0,16,19,2083,1620,5,143,78,0,16,5,216,1470,1625,860Z200US99827,99827,860Z200US99827,Hoonah-Angoon Census Area,0500000US02105,02,Alaska,2023
894,555,339,163.7,40,40,28,15,63,170,80,107,92,54,152,49,4,46.5,110,786,784,767,245,205,642,252,354,18,230,0,0,0,0,0,0,230,36,0,0,21,0,0,0,15,4,0,4,0,0,0,12,140,5,41,5,0,108,76,32,0,0,786,338,7,230,36,4,0,0,171,395,756,860Z200US99829,99829,860Z200US99829,Hoonah-Angoon Census Area,0500000US02105,02,Alaska,2023
68,34,34,100.0,0,0,0,4,4,2,3,10,4,23,11,7,0,63.0,4,68,64,64,41,18,64,4,43,0,21,0,0,0,0,0,0,21,0,0,0,0,0,0,0,0,0,0,0,0,0,0,0,2,0,0,2,0,0,0,0,0,0,68,43,0,21,0,0,0,0,4,138,64,860Z200US99832,99832,860Z200US99832,Hoonah-Angoon Census Area,0500000US02105,02,Alaska,2023
172,96,76,126.3,0,6,5,4,0,0,7,27,11,17,76,9,10,65.3,15,157,157,157,108,95,160,12,160,0,0,0,0,0,0,0,0,0,0,0,0,0,0,0,0,0,0,0,0,0,0,0,0,0,0,12,0,0,41,12,0,0,29,131,131,0,0,0,0,0,0,0,259,157,860Z200US99841,99841,860Z200US99841,Hoonah-Angoon Census Area,0500000US02105,02,Alaska,2023
29796,15228,14568,104.5,1445,1826,1767,1927,1488,4152,4570,3941,1879,2256,3088,1338,119,39.9,6083,24488,23713,22477,6058,4545,24784,5012,18844,222,2527,7,0,0,0,13,0,2507,2209,30,238,1651,49,55,0,186,438,0,4,119,315,544,272,1911,519,990,19,6,2041,1032,131,194,684,27755,18347,210,2454,2119,438,105,542,3540,13045,23092,860Z200US99801,99801,860Z200US99801,Juneau City and Borough,0500000US02110,02,Alaska,2023
2163,1112,1051,105.8,141,142,83,131,119,382,277,204,198,191,208,68,19,38.7,414,1781,1749,1640,416,295,1785,378,1447,14,207,0,0,0,0,0,0,207,94,14,0,55,4,0,0,21,5,5,0,0,0,18,2,203,29,75,7,0,185,85,3,51,46,1978,1399,14,205,91,5,0,13,251,1125,1677,860Z200US99824,99824,860Z200US99824,Juneau City and Borough,0500000US02110,02,Alaska,2023
2858,1566,1292,121.2,84,134,180,138,83,215,353,402,255,249,502,210,53,51.6,500,2425,2358,2316,889,765,2657,201,2503,4,77,0,0,0,0,0,0,77,32,0,4,28,0,0,0,0,4,4,0,0,0,37,4,80,11,91,0,0,120,84,13,4,19,2738,2453,0,77,28,0,32,46,102,1852,2346,860Z200US99556,99556,860Z200US99556,Kenai Peninsula Borough,0500000US02122,02,Alaska,2023
498,297,201,147.8,12,12,18,41,43,33,42,46,30,83,107,27,4,55.5,62,446,436,415,177,138,487,11,461,0,26,0,0,0,0,0,0,26,0,0,0,0,0,0,0,0,0,0,0,0,0,0,3,2,0,6,0,0,6,2,0,0,4,492,461,0,26,0,0,0,0,5,292,431,860Z200US99568,99568,860Z200US99568,Kenai Peninsula Borough,0500000US02122,02,Alaska,2023
244,102,142,71.8,19,21,0,0,0,73,3,64,42,0,22,0,0,45.9,40,204,204,204,22,22,165,79,162,0,0,0,0,0,0,0,0,0,3,0,0,3,0,0,0,0,0,0,0,0,0,0,0,32,9,0,0,0,0,0,0,0,0,244,162,0,0,3,0,0,0,79,344,201,860Z200US99572,99572,860Z200US99572,Kenai Peninsula Borough,0500000US02122,02,Alaska,2023
11557,5931,5626,105.4,769,673,781,635,596,1528,1476,1248,703,820,1591,535,202,39.7,2600,9192,8957,8575,2808,2328,10435,1122,9210,26,736,0,3,0,0,2,0,731,257,14,24,122,28,12,40,17,82,0,17,9,56,124,29,511,133,322,0,0,510,133,49,11,317,11047,9057,26,724,253,82,65,136,704,6251,8795,860Z200US99603,99603,860Z200US99603,Kenai Peninsula Borough,0500000US02122,02,Alaska,2023
48,32,16,200.0,0,0,0,0,0,9,8,11,0,0,20,0,0,51.6,0,48,48,48,20,20,48,0,48,0,0,0,0,0,0,0,0,0,0,0,0,0,0,0,0,0,0,0,0,0,0,0,0,0,0,0,0,0,0,0,0,0,0,48,48,0,0,0,0,0,0,0,209,39,860Z200US99605,99605,860Z200US99605,Kenai Peninsula Borough,0500000US02122,02,Alaska,2023
2307,1127,1180,95.5,130,53,152,148,191,128,274,273,145,255,492,65,1,49.2,435,1919,1872,1824,677,558,2002,305,1717,0,170,0,0,0,0,0,0,170,44,0,0,19,11,14,0,0,13,0,13,0,0,58,0,285,5,8,0,0,73,62,0,0,11,2234,1717,0,169,44,13,5,5,281,1553,1835,860Z200US99610,99610,860Z200US99610,Kenai Peninsula Borough,0500000US02122,02,Alaska,2023
16028,8466,7562,112.0,1066,1113,1267,956,949,2446,2059,1825,930,873,1588,777,179,36.1,4039,12338,11989,11503,3155,2544,13792,2236,11483,141,1311,0,0,0,0,0,0,1311,486,0,62,360,43,0,0,21,51,0,4,47,0,320,133,1157,296,278,13,0,1099,746,19,46,288,14929,11167,133,1309,486,51,28,59,1696,7130,11823,860Z200US99611,99611,860Z200US99611,Kenai Peninsula Borough,0500000US02122,02,Alaska,2023
101,70,31,225.8,0,0,0,5,0,54,0,8,0,28,0,6,0,26.9,0,101,101,96,34,6,82,19,82,0,0,0,0,0,0,0,0,0,0,0,0,0,0,0,0,0,0,0,0,0,0,0,0,0,0,19,0,0,8,8,0,0,0,93,74,0,0,0,0,0,19,0,185,93,860Z200US99631,99631,860Z200US99631,Kenai Peninsula Borough,0500000US02122,02,Alaska,2023
106,106,0,-666666666.0,0,0,0,0,3,40,54,9,0,0,0,0,0,43.2,0,106,106,104,0,0,105,1,105,0,0,0,0,0,0,0,0,0,0,0,0,0,0,0,0,0,0,0,0,0,0,0,0,0,0,1,0,0,2,1,0,0,1,104,104,0,0,0,0,0,0,0,54,106,860Z200US99635,99635,860Z200US99635,Kenai Peninsula Borough,0500000US02122,02,Alaska,2023
1244,622,622,100.0,108,50,69,56,42,98,94,92,96,130,232,149,28,55.9,256,998,988,955,511,409,1073,171,878,0,162,0,0,0,0,4,0,158,28,0,4,10,7,0,0,7,0,0,0,0,0,5,4,106,0,28,19,0,35,26,0,0,9,1209,870,0,158,28,0,5,19,129,1181,976,860Z200US99639,99639,860Z200US99639,Kenai Peninsula Borough,0500000US02122,02,Alaska,2023
385,192,193,99.5,15,9,21,25,0,32,20,59,18,33,86,67,0,56.6,53,340,332,315,165,153,326,59,240,0,70,0,0,0,0,0,0,70,5,0,0,5,0,0,0,0,0,0,0,0,0,11,0,35,7,17,0,0,10,0,0,0,10,375,240,0,64,5,0,7,17,42,389,332,860Z200US99663,99663,860Z200US99663,Kenai Peninsula Borough,0500000US02122,02,Alaska,2023
4296,2535,1761,144.0,185,192,391,223,45,738,622,523,216,478,517,42,124,43.2,969,3507,3327,3291,1031,683,3931,365,3306,69,409,0,0,0,0,0,0,409,23,0,0,2,0,21,0,0,27,0,5,22,0,97,38,188,28,99,6,1,148,4,0,20,124,4148,3296,69,409,23,27,0,59,265,2171,3248,860Z200US99664,99664,860Z200US99664,Kenai Peninsula Borough,0500000US02122,02,Alaska,2023
15722,7918,7804,101.5,747,942,918,1196,652,1892,1884,2003,1108,1515,1809,764,292,43.3,3370,12846,12352,11730,3491,2865,14420,1302,13261,97,528,0,16,0,0,0,0,512,222,7,36,103,26,30,20,0,0,0,0,0,0,312,89,715,0,346,0,0,479,252,32,17,178,15243,13094,97,528,222,0,249,211,842,8221,12163,860Z200US99669,99669,860Z200US99669,Kenai Peninsula Borough,0500000US02122,02,Alaska,2023
4153,2099,2054,102.2,245,429,141,142,148,372,554,454,198,391,757,262,60,45.5,913,3318,3240,3101,1287,1079,4016,137,3851,0,144,0,0,0,0,0,0,144,0,0,0,0,0,0,0,0,0,0,0,0,0,21,0,137,0,0,0,0,10,0,0,0,10,4143,3851,0,144,0,0,11,0,137,2670,3219,860Z200US99672,99672,860Z200US99672,Kenai Peninsula Borough,0500000US02122,02,Alaska,2023
296,187,109,171.6,5,17,19,19,68,39,43,33,18,27,5,2,1,29.5,52,249,244,232,23,8,249,47,11,0,202,0,2,0,0,0,2,198,0,0,0,0,0,0,0,0,20,0,0,11,9,16,0,16,0,3,0,0,47,33,13,0,1,249,8,0,194,0,20,0,3,24,174,244,860Z200US99682,99682,860Z200US99682,Kenai Peninsula Borough,0500000US02122,02,Alaska,2023
13875,7231,6644,108.8,654,930,789,786,726,1981,1925,1670,1031,985,1583,662,153,40.8,2880,11362,10995,10567,2895,2398,12121,1754,8812,65,1820,0,0,0,0,0,1,1819,1242,41,6,1110,11,8,21,45,28,0,4,9,15,154,109,1084,76,330,8,0,730,400,66,43,221,13145,8522,63,1733,1242,28,37,233,1287,6659,10726,860Z200US99901,99901,860Z200US99901,Ketchikan Gateway Borough,0500000US02130,02,Alaska,2023
151,76,75,101.3,2,8,5,2,19,4,19,11,22,23,22,7,7,56.4,17,136,134,129,55,36,126,25,44,0,82,0,0,0,0,0,0,82,0,0,0,0,0,0,0,0,0,0,0,0,0,0,0,19,0,0,0,0,11,11,0,0,0,140,33,0,82,0,0,0,0,25,138,134,860Z200US99550,99550,860Z200US99550,Kodiak Island Borough,0500000US02150,02,Alaska,2023
26,16,10,160.0,0,0,0,4,9,0,8,1,0,0,4,0,0,30.5,0,26,26,22,4,4,25,1,0,0,25,0,0,0,0,0,0,25,0,0,0,0,0,0,0,0,0,0,0,0,0,0,0,1,0,0,0,0,0,0,0,0,0,26,0,0,25,0,0,0,0,1,29,26,860Z200US99608,99608,860Z200US99608,Kodiak Island Borough,0500000US02150,02,Alaska,2023
12304,6698,5606,119.5,698,986,927,807,840,1767,2178,1022,714,842,1025,330,168,35.2,2980,9570,9324,8613,2031,1523,10635,1669,6458,75,1162,1,0,0,0,11,0,1150,2847,0,0,2714,84,16,7,26,5,0,0,5,0,88,109,393,218,524,26,0,1007,472,46,9,480,11297,5842,75,1161,2847,5,73,293,1001,5284,8139,860Z200US99615,99615,860Z200US99615,Kodiak Island Borough,0500000US02150,02,Alaska,2023
108,34,74,45.9,4,3,3,0,3,10,2,26,7,30,11,9,0,56.0,10,98,98,98,27,20,95,13,37,2,15,0,0,0,0,0,0,15,4,0,0,3,0,0,0,1,0,0,0,0,0,37,6,5,0,2,0,0,27,25,2,0,0,81,35,0,15,4,0,16,0,11,104,96,860Z200US99624,99624,860Z200US99624,Kodiak Island Borough,0500000US02150,02,Alaska,2023
186,105,81,129.6,20,25,5,4,34,11,18,19,26,6,12,3,3,33.0,54,132,132,132,18,18,144,42,13,0,128,0,0,0,0,0,0,128,0,0,0,0,0,0,0,0,3,0,0,3,0,0,0,42,0,0,0,0,0,0,0,0,0,186,13,0,128,0,3,0,0,42,153,129,860Z200US99643,99643,860Z200US99643,Kodiak Island Borough,0500000US02150,02,Alaska,2023
103,52,51,102.0,0,3,0,8,3,16,18,8,21,5,12,9,0,53.5,11,92,92,92,26,21,56,47,5,1,50,0,0,0,0,0,0,50,0,0,0,0,0,0,0,0,0,0,0,0,0,0,4,37,0,0,0,0,6,6,0,0,0,97,5,1,50,0,0,0,0,41,113,92,860Z200US99644,99644,860Z200US99644,Kodiak Island Borough,0500000US02150,02,Alaska,2023
997,566,431,131.3,133,93,136,112,58,158,112,61,64,24,36,10,0,21.5,438,587,559,506,52,46,877,120,0,0,876,0,0,0,0,0,0,876,0,0,0,0,0,0,0,0,1,0,0,1,0,0,0,91,0,0,29,0,0,0,0,0,0,997,0,0,876,0,1,0,0,120,238,559,860Z200US99554,99554,860Z200US99554,Kusilvak Census Area,0500000US02158,02,Alaska,2023
464,253,211,119.9,45,56,81,31,14,92,51,32,12,25,20,5,0,25.7,195,277,269,246,46,25,416,48,16,0,388,0,0,0,0,0,0,388,12,0,0,0,0,0,0,12,0,0,0,0,0,0,0,34,0,0,0,14,0,0,0,0,0,464,16,0,388,12,0,0,14,34,163,255,860Z200US99563,99563,860Z200US99563,Kusilvak Census Area,0500000US02158,02,Alaska,2023
945,520,425,122.4,138,115,49,48,79,132,129,51,32,45,115,11,1,28.1,341,622,604,595,145,127,808,137,6,70,732,0,0,0,0,0,0,732,0,0,0,0,0,0,0,0,0,0,0,0,0,0,2,126,0,0,0,0,0,0,0,0,0,945,6,70,732,0,0,0,0,137,281,604,860Z200US99581,99581,860Z200US99581,Kusilvak Census Area,0500000US02158,02,Alaska,2023
426,223,203,109.9,51,43,68,29,30,81,16,28,30,18,22,10,0,23.3,178,259,248,228,41,32,423,3,0,0,423,0,0,0,0,0,0,423,0,0,0,0,0,0,0,0,0,0,0,0,0,0,0,0,0,0,0,0,0,0,0,0,0,426,0,0,423,0,0,0,0,3,100,248,860Z200US99585,99585,860Z200US99585,Kusilvak Census Area,0500000US02158,02,Alaska,2023
1008,516,492,104.9,126,123,83,95,35,112,125,169,42,52,34,12,0,30.1,406,646,602,572,72,46,933,75,76,0,795,0,0,0,0,0,0,795,7,0,0,7,0,0,0,0,0,0,0,0,0,55,0,11,0,56,8,0,111,111,0,0,0,897,76,0,795,7,0,0,0,19,218,595,860Z200US99604,99604,860Z200US99604,Kusilvak Census Area,0500000US02158,02,Alaska,2023
1166,621,545,113.9,177,155,171,101,89,146,94,107,41,38,32,15,0,18.6,567,645,599,557,65,47,1137,29,16,0,1118,0,0,0,0,5,0,1113,3,0,0,3,0,0,0,0,0,0,0,0,0,0,0,14,0,0,12,0,0,0,0,0,0,1166,16,0,1118,3,0,0,0,29,255,596,860Z200US99620,99620,860Z200US99620,Kusilvak Census Area,0500000US02158,02,Alaska,2023
872,468,404,115.8,62,128,97,127,46,117,78,40,59,83,11,24,0,21.2,365,565,507,438,92,35,863,9,6,0,845,0,0,0,0,0,0,845,0,0,0,0,0,0,0,0,5,0,0,5,0,7,0,7,0,0,0,0,10,10,0,0,0,862,6,0,842,0,5,0,0,9,238,507,860Z200US99632,99632,860Z200US99632,Kusilvak Census Area,0500000US02158,02,Alaska,2023
558,282,276,102.2,61,63,54,62,61,79,53,44,16,24,24,13,4,23.3,217,365,341,307,57,41,542,16,18,0,524,0,0,0,0,0,0,524,0,0,0,0,0,0,0,0,0,0,0,0,0,0,0,16,0,0,0,0,4,4,0,0,0,554,14,0,524,0,0,0,0,16,131,341,860Z200US99650,99650,860Z200US99650,Kusilvak Census Area,0500000US02158,02,Alaska,2023
280,167,113,147.8,52,36,20,17,20,32,42,29,16,3,13,0,0,23.9,118,167,162,151,13,13,126,154,78,0,48,0,0,0,0,0,0,48,0,0,0,0,0,0,0,0,0,0,0,0,0,0,0,154,0,0,0,0,0,0,0,0,0,280,78,0,48,0,0,0,0,154,101,162,860Z200US99657,99657,860Z200US99657,Kusilvak Census Area,0500000US02158,02,Alaska,2023
1009,499,510,97.8,119,73,125,85,90,158,99,81,56,42,62,14,5,25.6,371,676,638,589,119,81,948,61,39,0,903,0,0,0,0,0,0,903,0,0,0,0,0,0,0,0,6,0,6,0,0,0,0,48,0,0,0,0,6,6,0,0,0,1003,33,0,903,0,6,0,0,61,341,632,860Z200US99658,99658,860Z200US99658,Kusilvak Census Area,0500000US02158,02,Alaska,2023
491,268,223,120.2,110,64,49,37,31,68,50,17,10,18,20,14,3,18.3,243,260,248,228,42,37,459,32,3,0,456,0,0,0,0,0,0,456,0,0,0,0,0,0,0,0,0,0,0,0,0,0,0,16,0,5,8,0,5,5,0,0,0,486,3,0,456,0,0,0,0,27,125,243,860Z200US99662,99662,860Z200US99662,Kusilvak Census Area,0500000US02158,02,Alaska,2023
0,0,0,-666666666.0,0,0,0,0,0,0,0,0,0,0,0,0,0,-666666666.0,0,0,0,0,0,0,0,0,0,0,0,0,0,0,0,0,0,0,0,0,0,0,0,0,0,0,0,0,0,0,0,0,0,0,0,0,0,0,0,0,0,0,0,0,0,0,0,0,0,0,0,0,6,0,860Z200US99666,99666,860Z200US99666,Kusilvak Census Area,0500000US02158,02,Alaska,2023
31,17,14,121.4,4,1,3,5,0,0,6,2,3,3,4,0,0,35.8,9,22,22,18,4,4,25,6,1,0,24,0,0,0,0,0,0,24,0,0,0,0,0,0,0,0,0,0,0,0,0,0,0,3,0,0,3,0,0,0,0,0,0,31,1,0,24,0,0,0,0,6,33,22,860Z200US99548,99548,860Z200US99548,Lake and Peninsula Borough,0500000US02164,02,Alaska,2023
73,32,41,78.0,7,8,13,7,0,10,13,2,5,4,4,0,0,29.5,35,45,38,38,5,4,63,10,1,0,62,0,0,0,0,0,0,62,0,0,0,0,0,0,0,0,0,0,0,0,0,0,0,10,0,0,0,0,0,0,0,0,0,73,1,0,62,0,0,0,0,10,46,38,860Z200US99549,99549,860Z200US99549,Lake and Peninsula Borough,0500000US02164,02,Alaska,2023
28,10,18,55.6,2,0,2,2,0,5,3,2,1,3,6,2,0,44.5,6,24,22,22,8,8,12,16,3,0,9,0,0,0,0,0,0,9,0,0,0,0,0,0,0,0,0,0,0,0,0,0,0,16,0,0,0,0,0,0,0,0,0,28,3,0,9,0,0,0,0,16,80,22,860Z200US99564,99564,860Z200US99564,Lake and Peninsula Borough,0500000US02164,02,Alaska,2023
31,12,19,63.2,2,0,2,5,0,1,5,0,4,6,6,0,0,55.1,6,25,25,22,12,6,25,6,6,0,19,0,0,0,0,0,0,19,0,0,0,0,0,0,0,0,0,0,0,0,0,0,0,6,0,0,0,0,0,0,0,0,0,31,6,0,19,0,0,0,0,6,65,25,860Z200US99565,99565,860Z200US99565,Lake and Peninsula Borough,0500000US02164,02,Alaska,2023
50,44,6,733.3,0,0,0,2,0,11,21,9,5,2,0,0,0,42.3,2,50,48,48,0,0,41,9,27,0,5,0,0,0,0,0,0,5,9,0,0,9,0,0,0,0,0,0,0,0,0,0,0,9,0,0,0,0,0,0,0,0,0,50,27,0,5,9,0,0,0,9,246,39,860Z200US99579,99579,860Z200US99579,Lake and Peninsula Borough,0500000US02164,02,Alaska,2023
236,103,133,77.4,20,31,24,13,6,45,27,16,12,15,18,9,0,30.6,80,158,156,148,37,27,202,34,44,0,154,0,0,0,0,0,0,154,0,0,0,0,0,0,0,0,0,0,0,0,0,4,0,34,0,0,0,0,2,0,2,0,0,234,44,0,154,0,0,4,0,32,141,156,860Z200US99606,99606,860Z200US99606,Lake and Peninsula Borough,0500000US02164,02,Alaska,2023
422,207,215,96.3,47,21,17,21,10,85,67,37,27,37,33,14,6,36.6,94,334,328,315,64,53,349,73,183,5,119,0,0,0,0,0,0,119,30,8,0,20,2,0,0,0,0,0,0,0,0,12,0,52,17,4,0,0,33,3,27,0,3,389,181,5,112,30,0,12,0,49,334,328,860Z200US99613,99613,860Z200US99613,Lake and Peninsula Borough,0500000US02164,02,Alaska,2023
18,12,6,200.0,0,0,2,0,5,1,5,0,2,0,3,0,0,44.2,2,16,16,16,3,3,15,3,2,0,13,0,0,0,0,0,0,13,0,0,0,0,0,0,0,0,0,0,0,0,0,0,0,3,0,0,0,0,0,0,0,0,0,18,2,0,13,0,0,0,0,3,38,16,860Z200US99625,99625,860Z200US99625,Lake and Peninsula Borough,0500000US02164,02,Alaska,2023
88,43,45,95.6,9,2,11,8,3,10,12,6,3,6,17,1,0,35.5,28,65,60,58,18,18,58,30,2,3,53,0,0,0,0,0,0,53,0,0,0,0,0,0,0,0,0,0,0,0,0,0,0,19,0,0,3,0,0,0,0,0,0,88,2,3,53,0,0,0,0,30,118,60,860Z200US99640,99640,860Z200US99640,Lake and Peninsula Borough,0500000US02164,02,Alaska,2023
14,3,11,27.3,2,0,0,0,0,2,0,0,5,3,0,2,0,57.8,2,12,12,12,5,2,12,2,1,0,11,0,0,0,0,0,0,11,0,0,0,0,0,0,0,0,0,0,0,0,0,0,0,2,0,0,0,0,0,0,0,0,0,14,1,0,11,0,0,0,0,2,51,12,860Z200US99647,99647,860Z200US99647,Lake and Peninsula Borough,0500000US02164,02,Alaska,2023
95,43,52,82.7,18,11,14,10,0,11,20,3,3,3,2,0,0,17.6,50,52,45,42,5,2,84,11,2,0,82,0,0,0,0,0,0,82,0,0,0,0,0,0,0,0,0,0,0,0,0,0,0,11,0,0,0,0,0,0,0,0,0,95,2,0,82,0,0,0,0,11,54,45,860Z200US99648,99648,860Z200US99648,Lake and Peninsula Borough,0500000US02164,02,Alaska,2023
57,35,22,159.1,6,5,7,4,0,5,6,5,3,4,10,2,0,36.2,20,39,37,35,15,12,44,13,5,0,39,0,0,0,0,0,0,39,0,0,0,0,0,0,0,0,0,0,0,0,0,0,0,13,0,0,0,0,0,0,0,0,0,57,5,0,39,0,0,0,0,13,90,37,860Z200US99649,99649,860Z200US99649,Lake and Peninsula Borough,0500000US02164,02,Alaska,2023
174,123,51,241.2,0,5,9,17,16,96,12,1,6,1,4,2,5,33.4,16,158,158,143,12,11,79,95,34,20,25,0,0,0,0,0,0,25,0,0,0,0,0,0,0,0,0,0,0,0,0,0,0,95,0,0,0,0,9,9,0,0,0,165,34,20,16,0,0,0,0,95,79,151,860Z200US99653,99653,860Z200US99653,Lake and Peninsula Borough,0500000US02164,02,Alaska,2023
0,0,0,-666666666.0,0,0,0,0,0,0,0,0,0,0,0,0,0,-666666666.0,0,0,0,0,0,0,0,0,0,0,0,0,0,0,0,0,0,0,0,0,0,0,0,0,0,0,0,0,0,0,0,0,0,0,0,0,0,0,0,0,0,0,0,0,0,0,0,0,0,0,0,0,14,0,860Z200US99695,99695,860Z200US99695,Lake and Peninsula Borough,0500000US02164,02,Alaska,2023
1138,526,612,85.9,83,89,123,66,26,100,130,203,54,106,103,41,14,39.9,345,822,793,776,228,158,1008,130,658,3,323,0,0,0,0,0,0,323,7,0,0,0,0,7,0,0,0,0,0,0,0,17,0,55,0,57,0,0,99,77,0,22,0,1039,653,3,323,7,0,0,0,53,1317,791,860Z200US99588,99588,860Z200US99588,Matanuska-Susitna Borough,0500000US02170,02,Alaska,2023
22786,12369,10417,118.7,1489,1843,1750,1423,1256,3525,3299,2775,1353,1525,1740,710,98,35.4,6094,17422,16692,15944,3477,2548,20585,2201,17397,353,1829,0,0,0,8,0,37,1784,673,0,26,191,51,28,7,370,80,0,61,19,0,253,139,829,216,591,11,0,999,242,144,48,565,21787,17000,353,1829,673,80,85,264,1503,9084,16543,860Z200US99623,99623,860Z200US99623,Matanuska-Susitna Borough,0500000US02170,02,Alaska,2023
31494,16081,15413,104.3,2043,2221,2412,2325,1858,4293,4460,3823,1922,1839,2927,1051,320,36.5,8191,24278,23303,22079,5271,4298,27984,3510,24479,452,1790,0,0,1,9,3,36,1741,386,9,46,97,5,78,48,103,282,62,57,136,27,595,258,1674,328,725,28,5,2005,1222,178,25,580,29489,23712,448,1715,372,279,212,249,2502,12021,23044,860Z200US99645,99645,860Z200US99645,Matanuska-Susitna Borough,0500000US02170,02,Alaska,2023
4066,2180,1886,115.6,215,272,210,224,186,617,511,415,345,398,459,185,29,40.5,824,3335,3242,3073,861,673,3748,318,3494,31,117,0,0,0,0,0,0,117,30,0,5,14,11,0,0,0,0,0,0,0,0,76,0,225,7,58,0,0,262,126,33,21,82,3804,3312,31,109,30,0,57,33,232,3220,3234,860Z200US99652,99652,860Z200US99652,Matanuska-Susitna Borough,0500000US02170,02,Alaska,2023
44420,22961,21459,107.0,2941,3295,3599,3272,2757,6218,6447,5086,2709,2548,3835,1251,462,35.2,11967,33865,32453,30785,7179,5548,39034,5386,34396,563,2498,0,0,0,13,23,9,2453,756,36,99,211,94,109,9,198,77,0,38,39,0,744,174,2492,609,1106,6,53,2223,1151,426,32,614,42197,33789,563,2367,756,48,262,630,3782,17006,31969,860Z200US99654,99654,860Z200US99654,Matanuska-Susitna Borough,0500000US02170,02,Alaska,2023
152,96,56,171.4,8,0,6,0,0,17,8,0,8,57,35,13,0,64.2,14,138,138,138,91,48,144,8,137,0,7,0,0,0,0,0,0,7,0,0,0,0,0,0,0,0,0,0,0,0,0,0,0,0,0,0,0,8,8,8,0,0,0,144,137,0,7,0,0,0,0,0,924,131,860Z200US99667,99667,860Z200US99667,Matanuska-Susitna Borough,0500000US02170,02,Alaska,2023
1473,734,739,99.3,97,42,86,19,75,156,192,116,147,177,270,84,12,51.3,244,1234,1229,1215,472,366,1322,151,1176,0,75,0,7,0,0,0,0,68,26,0,0,13,0,3,1,9,0,0,0,0,0,45,0,51,31,69,0,0,56,28,0,19,9,1417,1148,0,75,26,0,33,53,82,1081,1211,860Z200US99674,99674,860Z200US99674,Matanuska-Susitna Borough,0500000US02170,02,Alaska,2023
1754,939,815,115.2,38,186,198,82,28,178,311,297,64,113,214,44,1,41.1,504,1292,1250,1237,330,259,1661,93,1645,11,1,0,0,0,0,0,0,1,4,0,0,4,0,0,0,0,0,0,0,0,0,0,42,3,0,37,0,0,56,8,18,16,14,1698,1631,11,1,4,0,0,37,14,1701,1223,860Z200US99676,99676,860Z200US99676,Matanuska-Susitna Borough,0500000US02170,02,Alaska,2023
584,343,241,142.3,7,34,6,31,8,15,53,91,29,81,170,47,12,60.8,67,537,517,506,282,229,539,45,522,0,0,0,0,0,0,0,0,0,17,0,0,12,0,0,0,5,0,0,0,0,0,0,0,26,7,12,0,0,5,5,0,0,0,579,522,0,0,17,0,0,7,33,1178,507,860Z200US99683,99683,860Z200US99683,Matanuska-Susitna Borough,0500000US02170,02,Alaska,2023
2542,1325,1217,108.9,152,125,161,158,36,202,333,324,207,269,429,123,23,47.3,532,2049,2010,1946,724,575,2321,221,2238,0,71,0,0,0,0,0,0,71,12,0,12,0,0,0,0,0,0,0,0,0,0,0,5,168,20,8,20,0,76,14,0,0,62,2466,2197,0,56,12,0,0,8,193,3245,1993,860Z200US99688,99688,860Z200US99688,Matanuska-Susitna Borough,0500000US02170,02,Alaska,2023
1406,863,543,158.9,54,66,92,104,99,204,145,214,121,138,135,32,2,39.5,282,1180,1124,1069,227,169,1230,176,1173,10,36,0,0,0,0,0,2,34,11,0,6,0,3,0,2,0,0,0,0,0,0,0,15,119,0,22,0,0,58,28,4,0,26,1348,1142,10,36,11,0,0,1,148,810,1110,860Z200US99694,99694,860Z200US99694,Matanuska-Susitna Borough,0500000US02170,02,Alaska,2023
121,73,48,152.1,4,2,3,4,0,18,15,4,9,2,25,30,5,64.5,10,112,111,108,61,60,104,17,87,1,13,0,0,0,0,0,0,13,0,0,0,0,0,0,0,0,0,0,0,0,0,3,0,15,0,0,0,2,5,5,0,0,0,116,87,1,13,0,0,0,0,15,233,111,860Z200US99729,99729,860Z200US99729,Matanuska-Susitna Borough,0500000US02170,02,Alaska,2023
220,131,89,147.2,30,19,30,35,26,27,24,7,5,6,8,3,0,19.3,102,136,118,102,17,11,211,9,0,0,211,0,0,0,0,0,0,211,0,0,0,0,0,0,0,0,0,0,0,0,0,0,0,7,0,0,2,0,0,0,0,0,0,220,0,0,211,0,0,0,0,9,49,118,860Z200US99659,99659,860Z200US99659,Nome Census Area,0500000US02180,02,Alaska,2023
666,349,317,110.1,86,87,87,41,35,96,87,43,24,19,55,4,2,24.6,286,397,380,362,76,61,645,21,13,2,628,0,0,0,0,2,0,626,0,0,0,0,0,0,0,0,0,0,0,0,0,2,0,17,0,0,2,0,2,2,0,0,0,664,13,2,628,0,0,0,0,21,198,380,860Z200US99671,99671,860Z200US99671,Nome Census Area,0500000US02180,02,Alaska,2023
821,380,441,86.2,86,59,62,36,42,91,148,103,71,43,50,24,6,38.5,228,604,593,572,87,80,778,43,201,0,573,0,0,0,0,0,7,566,4,0,0,4,0,0,0,0,0,0,0,0,0,0,0,43,0,0,0,0,0,0,0,0,0,821,201,0,573,4,0,0,0,43,331,593,860Z200US99684,99684,860Z200US99684,Nome Census Area,0500000US02180,02,Alaska,2023
278,167,111,150.5,20,29,41,41,27,23,29,26,17,10,14,1,0,20.9,113,180,165,138,22,15,278,0,8,0,265,0,0,0,6,0,0,259,5,0,0,5,0,0,0,0,0,0,0,0,0,0,0,0,0,0,0,0,2,2,0,0,0,276,6,0,265,5,0,0,0,0,95,160,860Z200US99739,99739,860Z200US99739,Nome Census Area,0500000US02180,02,Alaska,2023
464,247,217,113.8,37,38,36,42,47,85,46,51,23,25,19,13,2,27.6,139,338,325,294,47,34,443,21,11,0,432,0,0,0,0,0,0,432,0,0,0,0,0,0,0,0,0,0,0,0,0,0,0,14,0,0,7,0,0,0,0,0,0,464,11,0,432,0,0,0,0,21,175,325,860Z200US99742,99742,860Z200US99742,Nome Census Area,0500000US02180,02,Alaska,2023
306,189,117,161.5,21,35,27,23,41,47,15,22,12,20,39,4,0,26.7,100,219,206,191,52,43,304,2,2,0,302,0,0,0,0,0,4,298,0,0,0,0,0,0,0,0,0,0,0,0,0,0,0,2,0,0,0,0,0,0,0,0,0,306,2,0,302,0,0,0,0,2,119,206,860Z200US99753,99753,860Z200US99753,Nome Census Area,0500000US02180,02,Alaska,2023
4154,2057,2097,98.1,332,285,421,333,296,600,552,566,246,182,239,78,24,31.4,1267,3052,2887,2748,433,341,3558,596,1047,101,2252,0,0,0,16,0,842,1394,139,1,0,49,0,50,0,39,0,0,0,0,0,19,9,393,42,61,14,0,190,122,5,0,63,3964,1020,101,2184,139,0,0,6,514,1956,2831,860Z200US99762,99762,860Z200US99762,Nome Census Area,0500000US02180,02,Alaska,2023
766,431,335,128.7,62,88,88,89,62,140,70,41,43,17,45,13,8,24.5,297,508,469,423,74,66,748,18,39,0,709,0,0,0,0,0,0,709,0,0,0,0,0,0,0,0,0,0,0,0,0,0,0,11,0,0,7,0,0,0,0,0,0,766,39,0,709,0,0,0,0,18,175,469,860Z200US99769,99769,860Z200US99769,Nome Census Area,0500000US02180,02,Alaska,2023
293,145,148,98.0,7,48,34,27,17,48,25,40,10,17,18,2,0,28.9,103,200,190,173,28,20,293,0,5,0,288,0,0,0,0,0,0,288,0,0,0,0,0,0,0,0,0,0,0,0,0,0,0,0,0,0,0,0,0,0,0,0,0,293,5,0,288,0,0,0,0,0,83,190,860Z200US99771,99771,860Z200US99771,Nome Census Area,0500000US02180,02,Alaska,2023
462,281,181,155.2,37,42,55,30,16,57,76,69,10,23,37,8,2,33.7,163,313,299,294,59,47,462,0,17,0,438,0,0,0,0,0,11,427,7,0,0,7,0,0,0,0,0,0,0,0,0,0,0,0,0,0,0,0,4,4,0,0,0,458,17,0,434,7,0,0,0,0,233,295,860Z200US99772,99772,860Z200US99772,Nome Census Area,0500000US02180,02,Alaska,2023
309,167,142,117.6,5,27,33,46,25,40,27,25,20,12,25,24,0,31.2,97,236,212,195,55,49,306,3,3,0,303,0,0,0,0,0,6,297,0,0,0,0,0,0,0,0,0,0,0,0,0,0,0,0,0,0,0,0,9,9,0,0,0,300,3,0,297,0,0,0,0,0,115,212,860Z200US99778,99778,860Z200US99778,Nome Census Area,0500000US02180,02,Alaska,2023
286,178,108,164.8,28,42,31,26,37,38,27,5,11,36,5,0,0,20.7,122,179,164,135,26,5,286,0,22,0,264,0,0,0,0,0,2,262,0,0,0,0,0,0,0,0,0,0,0,0,0,0,0,0,0,0,0,0,0,0,0,0,0,286,22,0,264,0,0,0,0,0,110,164,860Z200US99783,99783,860Z200US99783,Nome Census Area,0500000US02180,02,Alaska,2023
185,98,87,112.6,16,15,11,15,10,31,39,14,8,14,7,4,1,33.9,45,140,140,126,20,12,180,5,4,0,176,0,0,0,0,0,9,167,0,0,0,0,0,0,0,0,0,0,0,0,0,0,0,5,0,0,0,0,0,0,0,0,0,185,4,0,176,0,0,0,0,5,92,140,860Z200US99784,99784,860Z200US99784,Nome Census Area,0500000US02180,02,Alaska,2023
691,345,346,99.7,91,93,102,27,49,110,73,31,40,25,40,10,0,22.0,307,401,384,370,59,50,658,33,11,0,640,0,0,0,0,0,14,626,7,0,0,7,0,0,0,0,0,0,0,0,0,0,0,19,0,0,14,0,0,0,0,0,0,691,11,0,640,7,0,0,0,33,161,380,860Z200US99785,99785,860Z200US99785,Nome Census Area,0500000US02180,02,Alaska,2023
1622,1397,225,620.9,0,0,0,0,21,396,282,330,323,186,78,6,0,48.9,0,1622,1622,1622,171,84,1601,21,1309,0,131,0,0,0,0,0,0,131,90,0,0,90,0,0,0,0,13,0,11,0,2,58,0,0,0,14,0,0,67,40,0,14,13,1555,1309,0,131,90,13,12,0,0,0,1574,860Z200US99519,99519,860Z200US99519,North Slope Borough,0500000US02185,02,Alaska,2023
277,163,114,143.0,37,35,27,32,12,61,23,16,10,6,15,3,0,23.2,120,178,157,141,19,18,244,33,5,0,239,0,0,0,2,0,0,237,0,0,0,0,0,0,0,0,0,0,0,0,0,0,1,32,0,0,0,0,0,0,0,0,0,277,5,0,239,0,0,0,0,33,103,157,860Z200US99721,99721,860Z200US99721,North Slope Borough,0500000US02185,02,Alaska,2023
4855,2501,2354,106.2,279,453,502,523,366,576,600,497,305,280,364,110,0,30.6,1555,3542,3300,3036,572,474,4125,730,730,185,2609,0,0,0,1360,0,0,1249,410,0,1,365,0,24,0,20,131,0,10,40,81,60,28,309,125,72,0,0,387,97,173,2,115,4468,694,76,2571,373,131,0,0,623,1750,3173,860Z200US99723,99723,860Z200US99723,North Slope Borough,0500000US02185,02,Alaska,2023
1424,1053,371,283.8,0,0,0,10,82,363,428,325,111,78,27,0,0,39.5,0,1424,1424,1406,63,27,1327,97,1033,81,68,0,0,0,0,0,0,68,88,15,0,73,0,0,0,0,46,0,13,33,0,11,5,29,5,58,0,0,78,66,0,7,5,1346,1020,81,68,88,46,0,9,34,0,1356,860Z200US99734,99734,860Z200US99734,North Slope Borough,0500000US02185,02,Alaska,2023
153,94,59,159.3,12,12,15,10,8,27,24,25,2,6,5,7,0,32.4,46,111,107,104,13,12,140,13,4,0,136,0,0,0,4,0,0,132,0,0,0,0,0,0,0,0,0,0,0,0,0,0,0,13,0,0,0,0,3,3,0,0,0,150,4,0,133,0,0,0,0,13,54,107,860Z200US99747,99747,860Z200US99747,North Slope Borough,0500000US02185,02,Alaska,2023
288,142,146,97.3,25,30,50,49,18,53,26,19,10,1,7,0,0,18.0,144,172,144,131,8,7,285,3,20,2,259,0,0,0,0,0,0,259,4,0,0,4,0,0,0,0,0,0,0,0,0,0,0,1,0,0,2,0,0,0,0,0,0,288,20,2,259,4,0,0,0,3,87,142,860Z200US99759,99759,860Z200US99759,North Slope Borough,0500000US02185,02,Alaska,2023
721,360,361,99.7,116,78,81,56,23,105,98,56,20,25,30,20,13,25.3,320,430,401,375,85,63,672,49,10,5,657,0,0,0,5,0,0,652,0,0,0,0,0,0,0,0,0,0,0,0,0,0,0,40,0,0,9,0,8,8,0,0,0,713,10,5,649,0,0,0,0,49,199,401,860Z200US99766,99766,860Z200US99766,North Slope Borough,0500000US02185,02,Alaska,2023
612,316,296,106.8,72,57,74,57,22,81,108,50,15,30,30,6,10,29.0,247,383,365,345,60,46,571,41,7,0,564,0,0,0,0,0,0,564,0,0,0,0,0,0,0,0,0,0,0,0,0,0,0,17,0,0,22,0,35,35,0,0,0,577,7,0,551,0,0,0,0,19,186,365,860Z200US99782,99782,860Z200US99782,North Slope Borough,0500000US02185,02,Alaska,2023
529,265,264,100.4,87,79,38,30,20,71,42,74,9,11,53,5,10,27.1,229,308,300,294,73,68,507,22,82,0,425,0,0,0,6,0,0,419,0,0,0,0,0,0,0,0,0,0,0,0,0,0,0,19,0,0,3,0,0,0,0,0,0,529,82,0,425,0,0,0,0,22,149,300,860Z200US99789,99789,860Z200US99789,North Slope Borough,0500000US02185,02,Alaska,2023
139,96,43,223.3,8,15,20,11,5,41,19,10,3,4,3,0,0,28.8,53,96,86,83,3,3,135,4,3,0,132,0,0,0,0,0,0,132,0,0,0,0,0,0,0,0,0,0,0,0,0,0,0,4,0,0,0,0,0,0,0,0,0,139,3,0,132,0,0,0,0,4,49,86,860Z200US99791,99791,860Z200US99791,North Slope Borough,0500000US02185,02,Alaska,2023
629,363,266,136.5,71,75,75,68,52,115,56,39,20,20,10,25,3,21.6,271,389,358,322,51,38,601,28,24,0,577,0,0,0,0,0,0,577,0,0,0,0,0,0,0,0,0,0,0,0,0,0,0,26,0,0,0,0,0,0,0,0,0,629,24,0,577,0,0,0,0,28,159,358,860Z200US99727,99727,860Z200US99727,Northwest Arctic Borough,0500000US02188,02,Alaska,2023
205,103,102,101.0,29,22,18,19,14,47,15,18,5,6,10,2,0,28.1,82,131,123,112,17,12,181,24,9,0,169,0,0,0,0,0,0,169,2,0,0,2,0,0,0,0,0,0,0,0,0,1,0,6,3,0,0,0,1,1,0,0,0,204,9,0,169,2,0,0,0,24,70,123,860Z200US99736,99736,860Z200US99736,Northwest Arctic Borough,0500000US02188,02,Alaska,2023
473,269,204,131.9,39,60,45,44,51,55,49,28,27,18,38,15,4,24.9,168,324,305,278,69,57,473,0,31,0,442,0,0,0,1,0,0,441,0,0,0,0,0,0,0,0,0,0,0,0,0,0,0,0,0,0,0,0,13,13,0,0,0,460,31,0,429,0,0,0,0,0,158,305,860Z200US99749,99749,860Z200US99749,Northwest Arctic Borough,0500000US02188,02,Alaska,2023
813,474,339,139.8,83,124,138,53,61,86,94,69,41,17,29,15,3,20.7,384,460,429,403,56,47,797,16,10,0,787,0,0,0,0,0,0,787,0,0,0,0,0,0,0,0,0,0,0,0,0,0,0,14,0,0,2,0,0,0,0,0,0,813,10,0,787,0,0,0,0,16,174,429,860Z200US99750,99750,860Z200US99750,Northwest Arctic Borough,0500000US02188,02,Alaska,2023
125,72,53,135.8,16,20,16,8,9,14,17,14,0,2,3,6,0,22.1,57,73,68,65,11,9,116,9,4,0,112,0,0,0,0,0,0,112,0,0,0,0,0,0,0,0,0,0,0,0,0,0,0,9,0,0,0,0,0,0,0,0,0,125,4,0,112,0,0,0,0,9,56,68,860Z200US99751,99751,860Z200US99751,Northwest Arctic Borough,0500000US02188,02,Alaska,2023
3129,1561,1568,99.6,293,250,268,268,146,558,416,352,124,196,188,50,20,31.2,986,2282,2143,2029,371,258,2820,309,668,40,2003,0,0,0,0,5,42,1956,62,0,0,27,4,10,10,11,9,0,9,0,0,38,0,211,10,21,10,0,144,102,22,6,14,2985,608,39,2001,62,0,0,0,275,1227,2114,860Z200US99752,99752,860Z200US99752,Northwest Arctic Borough,0500000US02188,02,Alaska,2023
700,407,293,138.9,81,59,113,54,63,106,42,61,27,36,32,14,12,23.7,289,442,411,381,74,58,698,2,9,1,688,0,0,0,0,0,0,688,0,0,0,0,0,0,0,0,0,0,0,0,0,0,0,0,0,0,2,0,0,0,0,0,0,700,9,1,688,0,0,0,0,2,151,411,860Z200US99761,99761,860Z200US99761,Northwest Arctic Borough,0500000US02188,02,Alaska,2023
722,340,382,89.0,65,78,87,55,26,67,58,55,29,146,34,18,4,32.4,274,480,448,428,199,56,716,6,13,0,576,0,0,0,0,0,0,576,127,0,0,127,0,0,0,0,0,0,0,0,0,0,0,5,0,0,0,0,1,0,0,0,1,721,13,0,576,127,0,0,0,5,167,317,860Z200US99763,99763,860Z200US99763,Northwest Arctic Borough,0500000US02188,02,Alaska,2023
403,222,181,122.7,56,54,54,40,24,37,74,9,8,21,21,5,0,19.4,195,228,208,192,42,26,391,12,15,2,362,0,0,0,0,0,0,362,0,0,0,0,0,0,0,0,12,0,12,0,0,0,0,12,0,0,0,0,0,0,0,0,0,403,15,2,362,0,12,0,0,12,141,208,860Z200US99770,99770,860Z200US99770,Northwest Arctic Borough,0500000US02188,02,Alaska,2023
211,107,104,102.9,34,16,30,18,10,25,23,11,7,10,21,6,0,23.4,90,126,121,108,30,27,211,0,0,0,211,0,0,0,2,0,0,209,0,0,0,0,0,0,0,0,0,0,0,0,0,0,0,0,0,0,0,0,0,0,0,0,0,211,0,0,211,0,0,0,0,0,68,121,860Z200US99773,99773,860Z200US99773,Northwest Arctic Borough,0500000US02188,02,Alaska,2023
201,100,101,99.0,21,28,12,4,10,30,16,15,8,6,32,14,5,33.8,65,138,136,130,54,51,197,4,12,0,185,0,0,0,0,0,0,185,0,0,0,0,0,0,0,0,0,0,0,0,0,0,0,4,0,0,0,0,0,0,0,0,0,201,12,0,185,0,0,0,0,4,109,136,860Z200US99786,99786,860Z200US99786,Northwest Arctic Borough,0500000US02188,02,Alaska,2023
3394,1696,1698,99.9,154,181,218,168,207,322,420,415,295,268,491,212,43,45.7,652,2800,2742,2613,942,746,2952,442,2095,50,255,0,0,0,0,0,0,255,446,0,37,205,81,12,43,68,23,0,14,6,3,83,11,192,28,78,6,0,303,193,20,8,82,3091,2007,50,194,446,23,18,10,343,1871,2569,860Z200US99833,99833,860Z200US99833,Petersburg Borough,0500000US02195,02,Alaska,2023
598,301,297,101.3,50,66,27,33,22,75,69,67,43,38,63,40,5,38.0,166,452,432,413,141,108,424,174,106,4,311,0,0,0,0,12,0,299,3,0,0,3,0,0,0,0,0,0,0,0,0,0,0,125,5,3,0,0,40,15,0,0,25,558,106,4,307,3,0,0,0,138,305,432,860Z200US99830,99830,860Z200US99830,Prince of Wales-Hyder Census Area,0500000US02198,02,Alaska,2023
3394,1696,1698,99.9,154,181,218,168,207,322,420,415,295,268,491,212,43,45.7,652,2800,2742,2613,942,746,2952,442,2095,50,255,0,0,0,0,0,0,255,446,0,37,205,81,12,43,68,23,0,14,6,3,83,11,192,28,78,6,0,303,193,20,8,82,3091,2007,50,194,446,23,18,10,343,1871,2569,860Z200US99833,99833,860Z200US99833,Prince of Wales-Hyder Census Area,0500000US02198,02,Alaska,2023
26,17,9,188.9,0,3,1,0,0,0,7,3,4,3,3,2,0,46.7,4,22,22,22,8,5,26,0,26,0,0,0,0,0,0,0,0,0,0,0,0,0,0,0,0,0,0,0,0,0,0,0,0,0,0,0,0,0,4,0,0,0,4,22,22,0,0,0,0,0,0,0,63,22,860Z200US99836,99836,860Z200US99836,Prince of Wales-Hyder Census Area,0500000US02198,02,Alaska,2023
13875,7231,6644,108.8,654,930,789,786,726,1981,1925,1670,1031,985,1583,662,153,40.8,2880,11362,10995,10567,2895,2398,12121,1754,8812,65,1820,0,0,0,0,0,1,1819,1242,41,6,1110,11,8,21,45,28,0,4,9,15,154,109,1084,76,330,8,0,730,400,66,43,221,13145,8522,63,1733,1242,28,37,233,1287,6659,10726,860Z200US99901,99901,860Z200US99901,Prince of Wales-Hyder Census Area,0500000US02198,02,Alaska,2023
308,189,119,158.8,37,13,35,4,0,17,39,7,28,8,105,15,0,57.0,89,219,219,219,123,120,302,6,302,0,0,0,0,0,0,0,0,0,0,0,0,0,0,0,0,0,0,0,0,0,0,0,0,6,0,0,0,0,7,7,0,0,0,301,295,0,0,0,0,0,0,6,242,219,860Z200US99918,99918,860Z200US99918,Prince of Wales-Hyder Census Area,0500000US02198,02,Alaska,2023
547,281,266,105.6,37,32,27,41,46,50,25,84,52,60,85,8,0,45.5,121,451,426,381,132,93,506,41,456,0,29,0,0,0,0,0,0,29,19,0,0,3,0,6,0,10,0,0,0,0,0,2,0,23,5,13,0,0,24,8,0,0,16,523,442,0,29,19,0,0,5,28,358,418,860Z200US99919,99919,860Z200US99919,Prince of Wales-Hyder Census Area,0500000US02198,02,Alaska,2023
1667,962,705,136.5,50,89,64,104,83,216,171,216,170,159,265,54,26,48.0,253,1449,1414,1351,431,345,1412,255,1159,4,170,0,0,0,0,0,2,168,63,0,6,53,4,0,0,0,0,0,0,0,0,16,0,160,25,15,0,0,63,27,1,0,35,1604,1153,4,167,63,0,14,2,201,1064,1393,860Z200US99921,99921,860Z200US99921,Prince of Wales-Hyder Census Area,0500000US02198,02,Alaska,2023
297,156,141,110.6,18,7,26,22,10,42,39,32,8,22,45,20,6,39.8,72,234,225,219,86,71,263,34,28,0,216,0,0,0,0,0,0,216,0,0,0,0,0,0,0,0,19,0,0,0,19,0,0,28,0,0,0,0,6,0,0,0,6,291,28,0,213,0,19,0,0,31,136,214,860Z200US99922,99922,860Z200US99922,Prince of Wales-Hyder Census Area,0500000US02198,02,Alaska,2023
25,17,8,212.5,0,0,0,0,0,0,0,0,0,0,25,0,0,67.5,0,25,25,25,25,25,25,0,17,0,8,0,0,0,0,0,0,8,0,0,0,0,0,0,0,0,0,0,0,0,0,0,0,0,0,0,0,0,0,0,0,0,0,25,17,0,8,0,0,0,0,0,72,25,860Z200US99923,99923,860Z200US99923,Prince of Wales-Hyder Census Area,0500000US02198,02,Alaska,2023
854,471,383,123.0,24,56,53,36,27,85,106,160,46,70,97,78,16,47.1,161,710,693,682,226,191,668,186,356,4,294,0,0,0,0,0,0,294,8,0,0,0,0,0,8,0,2,0,2,0,0,4,0,129,0,9,0,0,15,9,0,0,6,839,350,4,294,8,2,4,0,177,455,682,860Z200US99925,99925,860Z200US99925,Prince of Wales-Hyder Census Area,0500000US02198,02,Alaska,2023
1385,770,615,125.2,83,101,104,115,86,147,200,119,140,84,146,48,12,37.8,359,1076,1026,976,254,206,1227,158,79,4,1113,0,0,0,0,0,0,1113,13,0,0,0,0,0,0,13,18,0,5,10,3,0,0,116,0,5,0,0,48,43,0,0,5,1337,79,4,1080,13,18,0,0,143,489,1017,860Z200US99926,99926,860Z200US99926,Prince of Wales-Hyder Census Area,0500000US02198,02,Alaska,2023
18,0,18,-666666666.0,0,0,0,0,0,0,0,0,18,0,0,0,0,-666666666.0,0,18,18,18,0,0,18,0,18,0,0,0,0,0,0,0,0,0,0,0,0,0,0,0,0,0,0,0,0,0,0,0,0,0,0,0,0,0,0,0,0,0,0,18,18,0,0,0,0,0,0,0,28,18,860Z200US99927,99927,860Z200US99927,Prince of Wales-Hyder Census Area,0500000US02198,02,Alaska,2023
8393,4367,4026,108.5,385,472,495,464,476,1249,1187,1000,460,756,875,400,174,39.6,1647,6937,6746,6541,1792,1449,6786,1607,5163,31,748,0,0,0,0,4,0,744,623,28,10,495,50,21,5,14,74,4,63,7,0,147,73,804,144,311,0,0,575,357,47,23,148,7818,5022,31,723,607,74,110,116,1135,4080,6349,860Z200US99835,99835,860Z200US99835,Sitka City and Borough,0500000US02220,02,Alaska,2023
1308,532,776,68.6,65,43,49,35,78,218,201,227,67,92,144,80,9,42.5,177,1137,1131,1113,283,233,1140,168,918,29,57,0,0,0,0,0,0,57,103,55,10,18,20,0,0,0,0,0,0,0,0,33,3,21,106,18,0,0,64,18,0,5,41,1244,901,29,57,103,0,0,4,150,656,1095,860Z200US99840,99840,860Z200US99840,Skagway Municipality,0500000US02230,02,Alaska,2023
31,17,14,121.4,5,0,0,3,0,0,3,5,8,7,0,0,0,53.8,8,23,23,23,4,0,31,0,0,0,31,0,0,0,0,0,0,31,0,0,0,0,0,0,0,0,0,0,0,0,0,0,0,0,0,0,0,0,0,0,0,0,0,31,0,0,31,0,0,0,0,0,20,23,860Z200US99706,99706,860Z200US99706,Southeast Fairbanks Census Area,0500000US02240,02,Alaska,2023
8,1,7,14.3,0,0,0,4,0,0,0,0,3,0,1,0,0,37.5,4,8,4,4,1,1,8,0,8,0,0,0,0,0,0,0,0,0,0,0,0,0,0,0,0,0,0,0,0,0,0,0,0,0,0,0,0,0,0,0,0,0,0,8,8,0,0,0,0,0,0,0,20,4,860Z200US99732,99732,860Z200US99732,Southeast Fairbanks Census Area,0500000US02240,02,Alaska,2023
4659,2709,1950,138.9,376,302,333,319,283,605,671,611,274,261,405,174,45,36.4,1228,3615,3431,3266,745,624,4299,360,4047,51,80,0,0,0,0,0,0,80,76,0,0,52,0,0,6,18,15,0,12,3,0,30,0,233,6,91,6,0,328,88,177,0,63,4331,3851,51,78,76,3,3,13,256,2442,3251,860Z200US99737,99737,860Z200US99737,Southeast Fairbanks Census Area,0500000US02240,02,Alaska,2023
165,117,48,243.8,8,7,4,8,5,4,15,4,7,26,56,20,1,61.9,22,146,143,133,81,77,141,24,106,0,30,0,0,0,0,0,0,30,0,0,0,0,0,0,0,0,0,0,0,0,0,5,4,20,0,0,0,0,0,0,0,0,0,165,106,0,30,0,0,5,0,24,229,143,860Z200US99738,99738,860Z200US99738,Southeast Fairbanks Census Area,0500000US02240,02,Alaska,2023
207,109,98,111.2,12,23,55,16,0,10,17,17,14,0,21,10,12,16.7,106,107,101,101,43,43,182,25,11,0,168,0,0,0,0,0,0,168,2,0,0,2,0,0,0,0,0,0,0,0,0,1,0,25,0,0,0,0,1,1,0,0,0,206,11,0,168,2,0,0,0,25,107,98,860Z200US99764,99764,860Z200US99764,Southeast Fairbanks Census Area,0500000US02240,02,Alaska,2023
173,107,66,162.1,13,14,12,15,29,12,30,14,7,13,11,2,1,32.6,49,124,124,119,18,14,165,8,4,10,151,0,0,0,0,0,0,151,0,0,0,0,0,0,0,0,0,0,0,0,0,0,0,0,0,0,8,0,0,0,0,0,0,173,4,10,151,0,0,0,0,8,63,124,860Z200US99776,99776,860Z200US99776,Southeast Fairbanks Census Area,0500000US02240,02,Alaska,2023
1790,960,830,115.7,93,141,125,20,75,245,162,297,97,168,253,65,49,46.1,365,1428,1425,1406,461,367,1636,154,1121,0,456,0,0,0,0,0,0,456,59,0,0,39,0,0,0,20,0,0,0,0,0,0,0,109,26,18,0,0,73,18,0,0,55,1717,1066,0,456,59,0,0,0,136,984,1393,860Z200US99780,99780,860Z200US99780,Southeast Fairbanks Census Area,0500000US02240,02,Alaska,2023
1,0,1,-666666666.0,0,0,0,0,0,0,0,0,0,1,0,0,0,-666666666.0,0,1,1,1,1,0,1,0,1,0,0,0,0,0,0,0,0,0,0,0,0,0,0,0,0,0,0,0,0,0,0,0,0,0,0,0,0,0,0,0,0,0,0,1,1,0,0,0,0,0,0,0,34,1,860Z200US99903,99903,860Z200US99903,Wrangell City and Borough,0500000US02275,02,Alaska,2023
2105,1083,1022,106.0,137,124,106,103,121,290,187,256,132,146,288,193,22,44.3,433,1715,1672,1619,589,503,1720,385,1160,2,438,5,0,0,0,0,0,433,91,0,0,73,0,2,0,16,26,0,0,4,22,3,3,235,25,84,0,0,116,35,9,13,59,1989,1140,2,420,86,26,0,23,292,1266,1603,860Z200US99929,99929,860Z200US99929,Wrangell City and Borough,0500000US02275,02,Alaska,2023
506,333,173,192.5,29,17,6,16,40,61,56,65,35,41,92,38,10,53.2,66,450,440,430,168,140,404,102,125,28,136,0,0,0,0,2,0,134,100,0,0,8,22,0,0,70,9,3,4,0,2,6,0,44,2,4,0,0,24,18,0,0,6,482,125,28,127,100,9,0,1,92,326,380,860Z200US99689,99689,860Z200US99689,Yakutat City and Borough,0500000US02282,02,Alaska,2023
85,34,51,66.7,7,8,8,5,27,3,6,6,3,2,5,5,0,24.3,26,60,59,56,12,10,85,0,1,0,84,0,0,0,0,0,0,84,0,0,0,0,0,0,0,0,0,0,0,0,0,0,0,0,0,0,0,0,0,0,0,0,0,85,1,0,84,0,0,0,0,0,66,59,860Z200US99558,99558,860Z200US99558,Yukon-Koyukuk Census Area,0500000US02290,02,Alaska,2023
171,93,78,119.2,18,9,20,12,2,16,35,10,8,18,7,13,3,36.4,58,124,113,112,29,23,171,0,1,0,161,0,0,0,0,0,0,161,0,0,0,0,0,0,0,0,2,0,0,2,0,7,0,0,0,0,0,0,0,0,0,0,0,171,1,0,161,0,2,7,0,0,76,113,860Z200US99590,99590,860Z200US99590,Yukon-Koyukuk Census Area,0500000US02290,02,Alaska,2023
229,161,68,236.8,16,3,32,31,3,26,20,20,26,25,23,1,3,35.5,82,176,147,146,44,27,225,4,5,0,220,0,0,0,0,0,0,220,0,0,0,0,0,0,0,0,0,0,0,0,0,0,0,4,0,0,0,0,6,6,0,0,0,223,0,0,220,0,0,0,0,3,113,147,860Z200US99602,99602,860Z200US99602,Yukon-Koyukuk Census Area,0500000US02290,02,Alaska,2023
195,78,117,66.7,6,9,14,9,8,25,18,14,23,9,47,11,2,53.3,38,166,157,157,66,60,154,41,69,3,82,0,0,0,0,0,0,82,0,0,0,0,0,0,0,0,0,0,0,0,0,0,9,27,0,1,0,0,17,17,0,0,0,178,53,3,82,0,0,0,0,40,209,155,860Z200US99627,99627,860Z200US99627,Yukon-Koyukuk Census Area,0500000US02290,02,Alaska,2023
36,22,14,157.1,1,13,0,0,0,0,13,3,1,0,5,0,0,37.6,14,22,22,22,5,5,36,0,11,0,25,0,0,0,0,0,0,25,0,0,0,0,0,0,0,0,0,0,0,0,0,0,0,0,0,0,0,0,0,0,0,0,0,36,11,0,25,0,0,0,0,0,17,22,860Z200US99665,99665,860Z200US99665,Yukon-Koyukuk Census Area,0500000US02290,02,Alaska,2023
67,30,37,81.1,7,11,11,0,0,27,1,4,1,1,4,0,0,28.9,29,38,38,38,5,4,32,35,26,0,6,0,0,0,0,0,0,6,0,0,0,0,0,0,0,0,0,0,0,0,0,0,2,26,0,0,0,0,8,0,0,0,8,59,26,0,6,0,0,0,0,27,34,38,860Z200US99675,99675,860Z200US99675,Yukon-Koyukuk Census Area,0500000US02290,02,Alaska,2023
93,46,47,97.9,4,2,4,0,1,26,6,12,8,12,5,9,4,52.2,10,83,83,83,24,18,68,25,2,2,57,0,0,0,0,0,0,57,0,0,0,0,0,0,0,0,0,0,0,0,0,7,0,25,0,0,0,0,7,7,0,0,0,86,2,2,57,0,0,0,0,25,113,83,860Z200US99691,99691,860Z200US99691,Yukon-Koyukuk Census Area,0500000US02290,02,Alaska,2023
17564,9262,8302,111.6,927,1431,1239,768,1406,3310,2198,1975,1036,766,1657,640,211,34.3,4055,13823,13509,13120,2938,2508,15049,2515,10610,919,2138,0,0,0,6,10,7,2115,971,11,151,314,23,390,0,82,160,0,19,141,0,251,195,1114,85,537,46,0,1210,641,262,1,306,16354,10351,885,2138,971,160,62,185,1602,8757,13038,860Z200US99701,99701,860Z200US99701,Yukon-Koyukuk Census Area,0500000US02290,02,Alaska,2023
195,124,71,174.6,37,24,2,6,2,67,25,2,16,4,7,1,2,26.9,68,132,127,125,14,10,194,1,62,0,132,0,0,0,0,0,0,132,0,0,0,0,0,0,0,0,0,0,0,0,0,0,0,1,0,0,0,0,0,0,0,0,0,195,62,0,132,0,0,0,0,1,84,127,860Z200US99720,99720,860Z200US99720,Yukon-Koyukuk Census Area,0500000US02290,02,Alaska,2023
177,95,82,115.9,17,31,13,31,3,27,18,21,5,6,0,5,0,19.8,77,108,100,83,11,5,177,0,4,0,173,0,0,0,0,0,0,173,0,0,0,0,0,0,0,0,0,0,0,0,0,0,0,0,0,0,0,0,0,0,0,0,0,177,4,0,173,0,0,0,0,0,64,100,860Z200US99722,99722,860Z200US99722,Yukon-Koyukuk Census Area,0500000US02290,02,Alaska,2023
82,43,39,110.3,0,10,19,0,0,15,6,1,4,9,12,6,0,33.7,29,53,53,53,27,18,82,0,0,0,82,0,0,0,0,0,0,82,0,0,0,0,0,0,0,0,0,0,0,0,0,0,0,0,0,0,0,0,0,0,0,0,0,82,0,0,82,0,0,0,0,0,52,53,860Z200US99724,99724,860Z200US99724,Yukon-Koyukuk Census Area,0500000US02290,02,Alaska,2023
15,13,2,650.0,0,0,0,0,0,8,1,0,0,2,4,0,0,28.9,0,15,15,15,6,4,15,0,15,0,0,0,0,0,0,0,0,0,0,0,0,0,0,0,0,0,0,0,0,0,0,0,0,0,0,0,0,0,0,0,0,0,0,15,15,0,0,0,0,0,0,0,28,15,860Z200US99726,99726,860Z200US99726,Yukon-Koyukuk Census Area,0500000US02290,02,Alaska,2023
98,56,42,133.3,0,11,10,10,0,0,11,11,3,20,22,0,0,47.6,31,77,67,67,26,22,98,0,93,0,5,0,0,0,0,0,0,5,0,0,0,0,0,0,0,0,0,0,0,0,0,0,0,0,0,0,0,0,0,0,0,0,0,98,93,0,5,0,0,0,0,0,237,67,860Z200US99730,99730,860Z200US99730,Yukon-Koyukuk Census Area,0500000US02290,02,Alaska,2023
48,13,35,37.1,0,5,13,0,0,0,5,5,0,6,4,6,4,52.2,18,30,30,30,20,14,43,5,0,0,43,0,0,0,0,0,0,43,0,0,0,0,0,0,0,0,0,0,0,0,0,0,0,5,0,0,0,0,0,0,0,0,0,48,0,0,43,0,0,0,0,5,49,30,860Z200US99733,99733,860Z200US99733,Yukon-Koyukuk Census Area,0500000US02290,02,Alaska,2023
165,117,48,243.8,8,7,4,8,5,4,15,4,7,26,56,20,1,61.9,22,146,143,133,81,77,141,24,106,0,30,0,0,0,0,0,0,30,0,0,0,0,0,0,0,0,0,0,0,0,0,5,4,20,0,0,0,0,0,0,0,0,0,165,106,0,30,0,0,5,0,24,229,143,860Z200US99738,99738,860Z200US99738,Yukon-Koyukuk Census Area,0500000US02290,02,Alaska,2023
583,268,315,85.1,28,34,56,32,37,38,79,67,31,38,96,30,17,43.7,145,461,438,433,169,143,507,76,26,8,461,0,0,0,0,0,0,461,11,0,0,11,0,0,0,0,0,0,0,0,0,1,0,75,0,1,0,0,2,1,1,0,0,581,26,8,461,11,0,0,0,75,443,426,860Z200US99740,99740,860Z200US99740,Yukon-Koyukuk Census Area,0500000US02290,02,Alaska,2023
565,250,315,79.4,57,32,43,22,37,91,104,70,31,11,36,31,0,36.1,152,433,413,411,72,67,529,36,130,1,393,0,0,0,0,0,0,393,1,0,0,1,0,0,0,0,4,0,0,0,4,0,0,25,0,7,0,0,20,1,0,0,19,545,111,1,393,1,4,0,6,29,363,413,860Z200US99741,99741,860Z200US99741,Yukon-Koyukuk Census Area,0500000US02290,02,Alaska,2023
32,13,19,68.4,0,3,4,0,1,2,0,2,0,3,14,3,0,70.2,7,25,25,25,17,17,32,0,0,0,32,0,0,0,0,0,0,32,0,0,0,0,0,0,0,0,0,0,0,0,0,0,0,0,0,0,0,0,0,0,0,0,0,32,0,0,32,0,0,0,0,0,28,25,860Z200US99745,99745,860Z200US99745,Yukon-Koyukuk Census Area,0500000US02290,02,Alaska,2023
136,78,58,134.5,10,25,16,7,24,18,7,8,9,5,7,0,0,23.4,56,80,80,78,8,7,136,0,3,0,133,0,0,0,0,0,0,133,0,0,0,0,0,0,0,0,0,0,0,0,0,0,0,0,0,0,0,0,2,0,2,0,0,134,3,0,131,0,0,0,0,0,52,80,860Z200US99746,99746,860Z200US99746,Yukon-Koyukuk Census Area,0500000US02290,02,Alaska,2023
146,92,54,170.4,0,13,3,6,18,0,39,42,12,6,7,0,0,43.0,20,130,126,124,9,7,146,0,47,0,99,0,0,0,0,0,0,99,0,0,0,0,0,0,0,0,0,0,0,0,0,0,0,0,0,0,0,0,0,0,0,0,0,146,47,0,99,0,0,0,0,0,87,126,860Z200US99748,99748,860Z200US99748,Yukon-Koyukuk Census Area,0500000US02290,02,Alaska,2023
44,18,26,69.2,0,0,4,0,0,8,4,6,0,17,0,0,5,55.0,4,40,40,40,22,5,44,0,0,0,44,0,0,0,0,0,0,44,0,0,0,0,0,0,0,0,0,0,0,0,0,0,0,0,0,0,0,0,0,0,0,0,0,44,0,0,44,0,0,0,0,0,52,40,860Z200US99754,99754,860Z200US99754,Yukon-Koyukuk Census Area,0500000US02290,02,Alaska,2023
20,11,9,122.2,0,0,0,0,0,0,0,0,3,0,3,10,4,76.0,0,20,20,20,17,17,16,4,16,0,0,0,0,0,0,0,0,0,0,0,0,0,0,0,0,0,0,0,0,0,0,0,0,4,0,0,0,0,0,0,0,0,0,20,16,0,0,0,0,0,0,4,94,20,860Z200US99756,99756,860Z200US99756,Yukon-Koyukuk Census Area,0500000US02290,02,Alaska,2023
14,8,6,133.3,0,0,0,0,0,0,0,0,2,3,4,5,0,72.3,0,14,14,14,12,9,14,0,14,0,0,0,0,0,0,0,0,0,0,0,0,0,0,0,0,0,0,0,0,0,0,0,0,0,0,0,0,0,0,0,0,0,0,14,14,0,0,0,0,0,0,0,38,14,860Z200US99757,99757,860Z200US99757,Yukon-Koyukuk Census Area,0500000US02290,02,Alaska,2023
190,137,53,258.5,0,25,21,16,28,21,30,14,7,14,0,9,5,28.5,59,135,131,128,22,14,157,33,15,0,142,0,0,0,0,0,0,142,0,0,0,0,0,0,0,0,0,0,0,0,0,0,0,28,0,0,5,0,0,0,0,0,0,190,15,0,142,0,0,0,0,33,103,131,860Z200US99758,99758,860Z200US99758,Yukon-Koyukuk Census Area,0500000US02290,02,Alaska,2023
800,373,427,87.4,55,60,49,36,63,80,89,108,38,31,133,53,5,40.8,186,620,614,599,213,191,714,86,510,0,204,0,0,0,0,0,0,204,0,0,0,0,0,0,0,0,0,0,0,0,0,0,0,86,0,0,0,0,24,4,20,0,0,776,509,0,181,0,0,0,0,86,595,614,860Z200US99760,99760,860Z200US99760,Yukon-Koyukuk Census Area,0500000US02290,02,Alaska,2023
284,149,135,110.4,31,9,35,23,8,12,41,30,20,25,35,15,0,39.7,97,209,187,185,69,50,284,0,70,0,214,0,0,0,0,0,0,214,0,0,0,0,0,0,0,0,0,0,0,0,0,0,0,0,0,0,0,0,0,0,0,0,0,284,70,0,214,0,0,0,0,0,138,187,860Z200US99765,99765,860Z200US99765,Yukon-Koyukuk Census Area,0500000US02290,02,Alaska,2023
0,0,0,-666666666.0,0,0,0,0,0,0,0,0,0,0,0,0,0,-666666666.0,0,0,0,0,0,0,0,0,0,0,0,0,0,0,0,0,0,0,0,0,0,0,0,0,0,0,0,0,0,0,0,0,0,0,0,0,0,0,0,0,0,0,0,0,0,0,0,0,0,0,0,0,7,0,860Z200US99767,99767,860Z200US99767,Yukon-Koyukuk Census Area,0500000US02290,02,Alaska,2023
180,107,73,146.6,24,13,9,5,4,12,16,9,10,13,57,4,4,52.0,48,134,132,127,69,65,171,9,3,0,168,0,0,0,0,0,0,168,0,0,0,0,0,0,0,0,0,0,0,0,0,0,0,9,0,0,0,0,0,0,0,0,0,180,3,0,168,0,0,0,0,9,184,132,860Z200US99768,99768,860Z200US99768,Yukon-Koyukuk Census Area,0500000US02290,02,Alaska,2023
7,4,3,133.3,0,0,0,0,0,1,0,3,3,0,0,0,0,52.8,0,7,7,7,0,0,7,0,0,0,7,0,0,0,0,0,0,7,0,0,0,0,0,0,0,0,0,0,0,0,0,0,0,0,0,0,0,0,0,0,0,0,0,7,0,0,7,0,0,0,0,0,31,7,860Z200US99774,99774,860Z200US99774,Yukon-Koyukuk Census Area,0500000US02290,02,Alaska,2023
309,166,143,116.1,25,28,27,15,16,11,24,29,48,21,41,23,1,46.0,94,223,215,212,86,65,281,28,27,0,254,0,0,0,0,0,0,254,0,0,0,0,0,0,0,0,0,0,0,0,0,0,0,28,0,0,0,0,0,0,0,0,0,309,27,0,254,0,0,0,0,28,204,215,860Z200US99777,99777,860Z200US99777,Yukon-Koyukuk Census Area,0500000US02290,02,Alaska,2023
102,60,42,142.9,4,0,9,0,37,10,10,0,0,4,28,0,0,25.1,13,89,89,89,32,28,98,4,0,0,85,0,0,0,0,0,0,85,0,0,0,0,0,0,0,0,0,0,0,0,0,13,0,4,0,0,0,0,13,0,0,0,13,89,0,0,85,0,0,0,0,4,60,89,860Z200US99781,99781,860Z200US99781,Yukon-Koyukuk Census Area,0500000US02290,02,Alaska,2023
103,57,46,123.9,9,13,14,0,0,33,23,2,5,0,4,0,0,29.9,36,67,67,67,4,4,90,13,8,0,82,0,0,0,0,0,0,82,0,0,0,0,0,0,0,0,0,0,0,0,0,0,0,13,0,0,0,0,8,8,0,0,0,95,0,0,82,0,0,0,0,13,67,67,860Z200US99788,99788,860Z200US99788,Yukon-Koyukuk Census Area,0500000US02290,02,Alaska,2023
11,4,7,57.1,0,0,0,0,0,0,0,0,4,7,0,0,0,-666666666.0,0,11,11,11,0,0,11,0,11,0,0,0,0,0,0,0,0,0,0,0,0,0,0,0,0,0,0,0,0,0,0,0,0,0,0,0,0,0,0,0,0,0,0,11,11,0,0,0,0,0,0,0,24,11,860Z200US99790,99790,860Z200US99790,Yukon-Koyukuk Census Area,0500000US02290,02,Alaska,2023
