{
	"Response": {
		"monthly_data": {
			"STR": { "column": "C", "type": "INTEGER"},
			"NAME": { "column": "D", "type": "VARCHAR"},
			"CITY_STATE": { "column": "E", "type": "VARCHAR"},
			"ZIPCODE": { "column": "F", "type": "VARCHAR"},
			"PHONE": { "column": "G", "type": "VARCHAR"},
			"ROOMS": { "column": "H", "type": "INTEGER"},
			"OPEN_DATE": { "column": "L", "type": "VARCHAR"},
			"__parser_config__": { "row_start": 23, "row_check": "B" },
			"__data_schema__": "range"
		}
	},
    "Summary": {
		"Occupancy": {
			"name": { "column": "B", "type": "VARCHAR"},
			"current_month": { "column": "E", "type": "DOUBLE"},
			"current_month_pct_change": { "column": "F", "type": "DOUBLE"},
			"year_to_date": { "column": "G", "type": "DOUBLE"},
			"year_to_date_pct_change": { "column": "H", "type": "DOUBLE"},
			"running_3_month": { "column": "I", "type": "DOUBLE"},
			"running_3_month_pct_change": { "column": "J", "type": "DOUBLE"},
			"running_12_month": { "column": "K", "type": "DOUBLE"},
			"running_12_month_pct_change": { "column": "L", "type": "DOUBLE"},
			"__parser_config__": { "row_start": 8 ,"number_of_rows": 6 },
			"__data_schema__": "range"
		},
		"Average_Daily_Rate": {
			"name": { "column": "B", "type": "VARCHAR"},
			"current_month": { "column": "E", "type": "DOUBLE"},
			"current_month_pct_change": { "column": "F", "type": "DOUBLE"},
			"year_to_date": { "column": "G", "type": "DOUBLE"},
			"year_to_date_pct_change": { "column": "H", "type": "DOUBLE"},
			"running_3_month": { "column": "I", "type": "DOUBLE"},
			"running_3_month_pct_change": { "column": "J", "type": "DOUBLE"},
			"running_12_month": { "column": "K", "type": "DOUBLE"},
			"running_12_month_pct_change": { "column": "L", "type": "DOUBLE"},
			"__parser_config__": { "row_start": 18 ,"number_of_rows": 6 },
			"__data_schema__": "range"
		},
		"RevPar": {
			"name": { "column": "B", "type": "VARCHAR"},
			"current_month": { "column": "E", "type": "DOUBLE"},
			"current_month_pct_change": { "column": "F", "type": "DOUBLE"},
			"year_to_date": { "column": "G", "type": "DOUBLE"},
			"year_to_date_pct_change": { "column": "H", "type": "DOUBLE"},
			"running_3_month": { "column": "I", "type": "DOUBLE"},
			"running_3_month_pct_change": { "column": "J", "type": "DOUBLE"},
			"running_12_month": { "column": "K", "type": "DOUBLE"},
			"running_12_month_pct_change": { "column": "L", "type": "DOUBLE"},
			"__parser_config__": { "row_start": 28 ,"number_of_rows": 6 },
			"__data_schema__": "range"
		},
		"Supply": {
			"name": { "column": "B", "type": "VARCHAR"},
			"current_month_pct_change": { "column": "N", "type": "DOUBLE"},
			"year_to_date_pct_change": { "column": "P", "type": "DOUBLE"},
			"running_3_month_pct_change": { "column": "R", "type": "DOUBLE"},
			"running_12_month_pct_change": { "column": "T", "type": "DOUBLE"},
			"__parser_config__": { "row_start": 8 ,"number_of_rows": 6 },
			"__data_schema__": "range"
		},
		"Demand": {
			"name": { "column": "B", "type": "VARCHAR"},
			"current_month_pct_change": { "column": "N", "type": "DOUBLE"},
			"year_to_date_pct_change": { "column": "P", "type": "DOUBLE"},
			"running_3_month_pct_change": { "column": "R", "type": "DOUBLE"},
			"running_12_month_pct_change": { "column": "T", "type": "DOUBLE"},
			"__parser_config__": { "row_start": 18 ,"number_of_rows": 6 },
			"__data_schema__": "range"
		},
		"Revenue": {
			"name": { "column": "B", "type": "VARCHAR"},
			"current_month_pct_change": { "column": "N", "type": "DOUBLE"},
			"year_to_date_pct_change": { "column": "P", "type": "DOUBLE"},
			"running_3_month_pct_change": { "column": "R", "type": "DOUBLE"},
			"running_12_month_pct_change": { "column": "T", "type": "DOUBLE"},
			"__parser_config__": { "row_start": 28 ,"number_of_rows": 6 },
			"__data_schema__": "range"
		},
		"census_sample": {
			"name": { "column": "B", "type": "VARCHAR"},
			"census_props": { "column": "E", "type": "VARCHAR"},
			"census_rooms": { "column": "G", "type": "DOUBLE"},
			"sample_props": { "column": "H", "type": "DOUBLE"},
			"sample_rooms": { "column": "J", "type": "DOUBLE"},
			"sample_rooms_pct": { "column": "K", "type": "DOUBLE"},
			"__parser_config__": { "row_start": 38 , "number_of_rows": 5 },
			"__data_schema__": "range"
		}
    },
	"Comp": {
		"Occupancy": {
			"__y_axis__": "C",
			"__null_condition_row__": 19,
			"__x_axis__": 20,
			"__parser_config__": { "row_start": 21 ,"number_of_rows": 3, "include_condition": true },
			"__static_columns__": [ { "column": "B", "name": "TYPE", "type": "VARCHAR" } ],
			"__data_schema__": "dynamic"
		},
		"OCCUPANCY_DELTA": {
			"__y_axis__": "C",
			"__null_condition_row__": 19,
			"__x_axis__": 20,
			"__parser_config__": { "row_start": 26 ,"number_of_rows": 3, "include_condition": true },
			"__static_columns__": [ { "column": "B", "name": "TYPE", "type": "VARCHAR" } ],
			"__data_schema__": "dynamic"
		},
		"ADR": {
			"__y_axis__": "C",
			"__null_condition_row__": 19,
			"__x_axis__": 20,
			"__parser_config__": { "row_start": 33 ,"number_of_rows": 3, "include_condition": true },
			"__static_columns__": [ { "column": "B", "name": "TYPE", "type": "VARCHAR" } ],
			"__data_schema__": "dynamic"
		},
		"ADR_DELTA": {
			"__y_axis__": "C",
			"__null_condition_row__": 19,
			"__x_axis__": 20,
			"__parser_config__": { "row_start": 38 ,"number_of_rows": 3, "include_condition": true },
			"__static_columns__": [ { "column": "B", "name": "TYPE", "type": "VARCHAR" } ],
			"__data_schema__": "dynamic"
		},
		"REVPAR": {
			"__y_axis__": "C",
			"__null_condition_row__": 19,
			"__x_axis__": 20,
			"__parser_config__": { "row_start": 45 ,"number_of_rows": 3, "include_condition": true },
			"__static_columns__": [ { "column": "B", "name": "TYPE", "type": "VARCHAR" } ],
			"__data_schema__": "dynamic"
		},
		"REVPAR_DELTA": {
			"__y_axis__": "C",
			"__null_condition_row__": 19,
			"__x_axis__": 20,
			"__parser_config__": { "row_start": 50 ,"number_of_rows": 3, "include_condition": true },
			"__static_columns__": [ { "column": "B", "name": "TYPE", "type": "VARCHAR" } ],
			"__data_schema__": "dynamic"
		},
		
		"Occupancy_year_to_date": {
			"__y_axis__": "V",
			"__null_condition_row__": 19,
			"__x_axis__": 20,
			"__parser_config__": { "row_start": 21 ,"number_of_rows": 3, "include_condition": false },
			"__static_columns__": [ { "column": "B", "name": "TYPE", "type": "VARCHAR" } ],
			"__data_schema__": "dynamic"
		},
		"Occupancy_running_3_months": {
			"__y_axis__": "z",
			"__null_condition_row__": 19,
			"__x_axis__": 20,
			"__parser_config__": { "row_start": 21 ,"number_of_rows": 3, "include_condition": false },
			"__static_columns__": [ { "column": "B", "name": "TYPE", "type": "VARCHAR" } ],
			"__data_schema__": "dynamic"
		},
		"Occupancy_running_12_months": {
			"__y_axis__": "AD",
			"__null_condition_row__": 19,
			"__x_axis__": 20,
			"__parser_config__": { "row_start": 21 ,"number_of_rows": 3, "include_condition": false },
			"__static_columns__": [ { "column": "B", "name": "TYPE", "type": "VARCHAR" } ],
			"__data_schema__": "dynamic"
		},
		
		"Occupancy_delta_year_to_date": {
			"__y_axis__": "V",
			"__null_condition_row__": 19,
			"__x_axis__": 20,
			"__parser_config__": { "row_start": 26 ,"number_of_rows": 3, "include_condition": false },
			"__static_columns__": [ { "column": "B", "name": "TYPE", "type": "VARCHAR" } ],
			"__data_schema__": "dynamic"
		},
		"Occupancy_delta_running_3_months": {
			"__y_axis__": "Z",
			"__null_condition_row__": 19,
			"__x_axis__": 20,
			"__parser_config__": { "row_start": 26 ,"number_of_rows": 3, "include_condition": false },
			"__static_columns__": [ { "column": "B", "name": "TYPE", "type": "VARCHAR" } ],
			"__data_schema__": "dynamic"
		},
		"Occupancy_delta_running_12_months": {
			"__y_axis__": "AD",
			"__null_condition_row__": 19,
			"__x_axis__": 20,
			"__parser_config__": { "row_start": 26 ,"number_of_rows": 3, "include_condition": false },
			"__static_columns__": [ { "column": "B", "name": "TYPE", "type": "VARCHAR" } ],
			"__data_schema__": "dynamic"
		},
	
		"ADR_year_to_date": {
			"__y_axis__": "V",
			"__null_condition_row__": 31,
			"__x_axis__": 32,
			"__parser_config__": { "row_start": 33 ,"number_of_rows": 3, "include_condition": false },
			"__static_columns__": [ { "column": "B", "name": "TYPE", "type": "VARCHAR" } ],
			"__data_schema__": "dynamic"
		},
		"ADR_running_3_months": {
			"__y_axis__": "z",
			"__null_condition_row__": 31,
			"__x_axis__": 32,
			"__parser_config__": { "row_start": 33 ,"number_of_rows": 3, "include_condition": false },
			"__static_columns__": [ { "column": "B", "name": "TYPE", "type": "VARCHAR" } ],
			"__data_schema__": "dynamic"
		},
		"ADR_running_12_months": {
			"__y_axis__": "AD",
			"__null_condition_row__": 31,
			"__x_axis__": 32,
			"__parser_config__": { "row_start": 33 ,"number_of_rows": 3, "include_condition": false },
			"__static_columns__": [ { "column": "B", "name": "TYPE", "type": "VARCHAR" } ],
			"__data_schema__": "dynamic"
		},
		
		"ADR_delta_year_to_date": {
			"__y_axis__": "V",
			"__null_condition_row__": 31,
			"__x_axis__": 32,
			"__parser_config__": { "row_start": 38 ,"number_of_rows": 3, "include_condition": false },
			"__static_columns__": [ { "column": "B", "name": "TYPE", "type": "VARCHAR" } ],
			"__data_schema__": "dynamic"
		},
		"ADR_delta_running_3_months": {
			"__y_axis__": "Z",
			"__null_condition_row__": 31,
			"__x_axis__": 32,
			"__parser_config__": { "row_start": 38 ,"number_of_rows": 3, "include_condition": false },
			"__static_columns__": [ { "column": "B", "name": "TYPE", "type": "VARCHAR" } ],
			"__data_schema__": "dynamic"
		},
		"ADR_delta_running_12_months": {
			"__y_axis__": "AD",
			"__null_condition_row__": 31,
			"__x_axis__": 32,
			"__parser_config__": { "row_start": 38 ,"number_of_rows": 3, "include_condition": false },
			"__static_columns__": [ { "column": "B", "name": "TYPE", "type": "VARCHAR" } ],
			"__data_schema__": "dynamic"
		},
	
		"REVPAR_year_to_date": {
			"__y_axis__": "V",
			"__null_condition_row__": 43,
			"__x_axis__": 44,
			"__parser_config__": { "row_start": 45 ,"number_of_rows": 3, "include_condition": false },
			"__static_columns__": [ { "column": "B", "name": "TYPE", "type": "VARCHAR" } ],
			"__data_schema__": "dynamic"
		},
		"REVPAR_running_3_months": {
			"__y_axis__": "z",
			"__null_condition_row__": 43,
			"__x_axis__": 44,
			"__parser_config__": { "row_start": 45 ,"number_of_rows": 3, "include_condition": false },
			"__static_columns__": [ { "column": "B", "name": "TYPE", "type": "VARCHAR" } ],
			"__data_schema__": "dynamic"
		},
		"REVPAR_running_12_months": {
			"__y_axis__": "AD",
			"__null_condition_row__": 43,
			"__x_axis__": 44,
			"__parser_config__": { "row_start": 45 ,"number_of_rows": 3, "include_condition": false },
			"__static_columns__": [ { "column": "B", "name": "TYPE", "type": "VARCHAR" } ],
			"__data_schema__": "dynamic"
		},
		
	
		"REVPAR_delta_year_to_date": {
			"__y_axis__": "V",
			"__null_condition_row__": 43,
			"__x_axis__": 44,
			"__parser_config__": { "row_start": 50 ,"number_of_rows": 3, "include_condition": false },
			"__static_columns__": [ { "column": "B", "name": "TYPE", "type": "VARCHAR" } ],
			"__data_schema__": "dynamic"
		},
		"REVPAR_delta_running_3_months": {
			"__y_axis__": "Z",
			"__null_condition_row__": 43,
			"__x_axis__": 44,
			"__parser_config__": { "row_start": 50 ,"number_of_rows": 3, "include_condition": false },
			"__static_columns__": [ { "column": "B", "name": "TYPE", "type": "VARCHAR" } ],
			"__data_schema__": "dynamic"
		},
		"REVPAR_delta_running_12_months": {
			"__y_axis__": "AD",
			"__null_condition_row__": 43,
			"__x_axis__": 44,
			"__parser_config__": { "row_start": 50 ,"number_of_rows": 3, "include_condition": false },
			"__static_columns__": [ { "column": "B", "name": "TYPE", "type": "VARCHAR" } ],
			"__data_schema__": "dynamic"
		}
	},
	"Day of Week": {
		"OCCUPANCY": {
			"__parser_config__": { 
				"__titles__": {
					"direction": "vertical",
					"inner_loop_index": 18,
					"outer_loop_index": "C"
				},
				"record_processor": "occunpancy_dow_processor"
			},
			"__data_schema__": "full_dynamic"
		},
		"OCCUPANCY_DELTA": {
			"__parser_config__": { 
				"__titles__": {
					"direction": "vertical",
					"inner_loop_index": 18,
					"outer_loop_index": "C"
				},
				"record_processor": "occunpancy_delta_dow_processor"
			},
			"__data_schema__": "full_dynamic"
		},
		"ADR": {
			"__parser_config__": { 
				"__titles__": {
					"direction": "vertical",
					"inner_loop_index": 18,
					"outer_loop_index": "C"
				},
				"record_processor": "adr_dow_processor"
			},
			"__data_schema__": "full_dynamic"
		},
		"ADR_DELTA": {
			"__parser_config__": { 
				"__titles__": {
					"direction": "vertical",
					"inner_loop_index": 18,
					"outer_loop_index": "C"
				},
				"record_processor": "adr_delta_dow_processor"
			},
			"__data_schema__": "full_dynamic"
		},
		"REVPAR": {
			"__parser_config__": { 
				"__titles__": {
					"direction": "vertical",
					"inner_loop_index": 18,
					"outer_loop_index": "C"
				},
				"record_processor": "revpar_dow_processor"
			},
			"__data_schema__": "full_dynamic"
		},
		"REVPAR_DELTA": {
			"__parser_config__": { 
				"__titles__": {
					"direction": "vertical",
					"inner_loop_index": 18,
					"outer_loop_index": "C"
				},
				"record_processor": "revpar_delta_dow_processor"
			},
			"__data_schema__": "full_dynamic"
		}
	},
	"Daily by Month": {
		"Occupancy": {
			"__y_axis__": "C",
			"__null_condition_row__": 24,
			"__x_axis__": 25,
			"__parser_config__": { "row_start": 26 ,"number_of_rows": 3, "include_condition": false },
			"__static_columns__": [ { "column": "B", "name": "TYPE", "type": "VARCHAR" } ],
			"__data_schema__": "dynamic"
		},
		"OCCUPANCY_DELTA": {
			"__y_axis__": "C",
			"__null_condition_row__": 24,
			"__x_axis__": 25,
			"__parser_config__": { "row_start": 30 ,"number_of_rows": 3, "include_condition": false },
			"__static_columns__": [ { "column": "B", "name": "TYPE", "type": "VARCHAR" } ],
			"__data_schema__": "dynamic"
		},
		"ADR": {
			"__y_axis__": "C",
			"__null_condition_row__": 24,
			"__x_axis__": 25,
			"__parser_config__": { "row_start": 36 ,"number_of_rows": 3, "include_condition": false },
			"__static_columns__": [ { "column": "B", "name": "TYPE", "type": "VARCHAR" } ],
			"__data_schema__": "dynamic"
		},
		"ADR_DELTA": {
			"__y_axis__": "C",
			"__null_condition_row__": 24,
			"__x_axis__": 25,
			"__parser_config__": { "row_start": 40 ,"number_of_rows": 3, "include_condition": false },
			"__static_columns__": [ { "column": "B", "name": "TYPE", "type": "VARCHAR" } ],
			"__data_schema__": "dynamic"
		},
		"REVPAR": {
			"__y_axis__": "C",
			"__null_condition_row__": 24,
			"__x_axis__": 25,
			"__parser_config__": { "row_start": 46 ,"number_of_rows": 3, "include_condition": false },
			"__static_columns__": [ { "column": "B", "name": "TYPE", "type": "VARCHAR" } ],
			"__data_schema__": "dynamic"
		},
		"REVPAR_DELTA": {
			"__y_axis__": "C",
			"__null_condition_row__": 24,
			"__x_axis__": 25,
			"__parser_config__": { "row_start": 50 ,"number_of_rows": 3, "include_condition": false },
			"__static_columns__": [ { "column": "B", "name": "TYPE", "type": "VARCHAR" } ],
			"__data_schema__": "dynamic"
		}
	}
}